matrix,row_block_size,col_block_size,tau
data/suitesparse_all//208bit.mtx,64,64,0.2
data/suitesparse_all//208bit.mtx,256,256,0.001
data/suitesparse_all//208bit.mtx,512,512,0.001
data/suitesparse_all//208bit.mtx,1024,1024,0.01
data/suitesparse_all//2D_27628_bjtcai.mtx,64,64,-1.0
data/suitesparse_all//2D_27628_bjtcai.mtx,256,256,0.8
data/suitesparse_all//2D_27628_bjtcai.mtx,512,512,0.6
data/suitesparse_all//2D_27628_bjtcai.mtx,1024,1024,0.2
data/suitesparse_all//2D_54019_highK.mtx,64,64,0.8
data/suitesparse_all//2D_54019_highK.mtx,256,256,-1.0
data/suitesparse_all//2D_54019_highK.mtx,512,512,-1.0
data/suitesparse_all//2D_54019_highK.mtx,1024,1024,-1.0
data/suitesparse_all//2cubes_sphere.mtx,64,64,0.2
data/suitesparse_all//2cubes_sphere.mtx,256,256,0.2
data/suitesparse_all//2cubes_sphere.mtx,512,512,0.2
data/suitesparse_all//2cubes_sphere.mtx,1024,1024,0.2
data/suitesparse_all//3D_28984_Tetra.mtx,64,64,-1.0
data/suitesparse_all//3D_28984_Tetra.mtx,256,256,-1.0
data/suitesparse_all//3D_28984_Tetra.mtx,512,512,-1.0
data/suitesparse_all//3D_28984_Tetra.mtx,1024,1024,-1.0
data/suitesparse_all//3D_51448_3D.mtx,64,64,-1.0
data/suitesparse_all//3D_51448_3D.mtx,256,256,-1.0
data/suitesparse_all//3D_51448_3D.mtx,512,512,-1.0
data/suitesparse_all//3D_51448_3D.mtx,1024,1024,-1.0
data/suitesparse_all//3dtube.mtx,64,64,0.2
data/suitesparse_all//3dtube.mtx,256,256,0.8
data/suitesparse_all//3dtube.mtx,512,512,-1.0
data/suitesparse_all//3dtube.mtx,1024,1024,-1.0
data/suitesparse_all//ABACUS_shell_hd.mtx,64,64,-1.0
data/suitesparse_all//ABACUS_shell_hd.mtx,256,256,0.4
data/suitesparse_all//ABACUS_shell_hd.mtx,512,512,-1.0
data/suitesparse_all//ABACUS_shell_hd.mtx,1024,1024,-1.0
data/suitesparse_all//ABACUS_shell_ld.mtx,64,64,-1.0
data/suitesparse_all//ABACUS_shell_ld.mtx,256,256,0.4
data/suitesparse_all//ABACUS_shell_ld.mtx,512,512,-1.0
data/suitesparse_all//ABACUS_shell_ld.mtx,1024,1024,-1.0
data/suitesparse_all//ABACUS_shell_md.mtx,64,64,-1.0
data/suitesparse_all//ABACUS_shell_md.mtx,256,256,0.4
data/suitesparse_all//ABACUS_shell_md.mtx,512,512,-1.0
data/suitesparse_all//ABACUS_shell_md.mtx,1024,1024,-1.0
data/suitesparse_all//ABACUS_shell_ud.mtx,64,64,-1.0
data/suitesparse_all//ABACUS_shell_ud.mtx,256,256,0.4
data/suitesparse_all//ABACUS_shell_ud.mtx,512,512,-1.0
data/suitesparse_all//ABACUS_shell_ud.mtx,1024,1024,-1.0
data/suitesparse_all//ACTIVSg10K.mtx,64,64,0.2
data/suitesparse_all//ACTIVSg10K.mtx,256,256,0.01
data/suitesparse_all//ACTIVSg10K.mtx,512,512,0.001
data/suitesparse_all//ACTIVSg10K.mtx,1024,1024,0.001
data/suitesparse_all//ASIC_100k.mtx,64,64,0.2
data/suitesparse_all//ASIC_100k.mtx,256,256,-1.0
data/suitesparse_all//ASIC_100k.mtx,512,512,-1.0
data/suitesparse_all//ASIC_100k.mtx,1024,1024,0.001
data/suitesparse_all//Andrews.mtx,64,64,0.2
data/suitesparse_all//Andrews.mtx,256,256,0.01
data/suitesparse_all//Andrews.mtx,512,512,0.01
data/suitesparse_all//Andrews.mtx,1024,1024,-1.0
data/suitesparse_all//Chebyshev4.mtx,64,64,-1.0
data/suitesparse_all//Chebyshev4.mtx,256,256,0.2
data/suitesparse_all//Chebyshev4.mtx,512,512,0.2
data/suitesparse_all//Chebyshev4.mtx,1024,1024,-1.0
data/suitesparse_all//Chevron1.mtx,64,64,0.4
data/suitesparse_all//Chevron1.mtx,256,256,-1.0
data/suitesparse_all//Chevron1.mtx,512,512,-1.0
data/suitesparse_all//Chevron1.mtx,1024,1024,0.001
data/suitesparse_all//Dubcova2.mtx,64,64,0.1
data/suitesparse_all//Dubcova2.mtx,256,256,0.1
data/suitesparse_all//Dubcova2.mtx,512,512,0.1
data/suitesparse_all//Dubcova2.mtx,1024,1024,0.1
data/suitesparse_all//EAT_RS.mtx,64,64,0.6
data/suitesparse_all//EAT_RS.mtx,256,256,0.2
data/suitesparse_all//EAT_RS.mtx,512,512,0.1
data/suitesparse_all//EAT_RS.mtx,1024,1024,0.001
data/suitesparse_all//EAT_SR.mtx,64,64,0.01
data/suitesparse_all//EAT_SR.mtx,256,256,0.001
data/suitesparse_all//EAT_SR.mtx,512,512,0.01
data/suitesparse_all//EAT_SR.mtx,1024,1024,0.001
data/suitesparse_all//F2.mtx,64,64,0.2
data/suitesparse_all//F2.mtx,256,256,0.1
data/suitesparse_all//F2.mtx,512,512,0.001
data/suitesparse_all//F2.mtx,1024,1024,-1.0
data/suitesparse_all//G_n_pin_pout.mtx,64,64,-1.0
data/suitesparse_all//G_n_pin_pout.mtx,256,256,0.01
data/suitesparse_all//G_n_pin_pout.mtx,512,512,0.01
data/suitesparse_all//G_n_pin_pout.mtx,1024,1024,0.001
data/suitesparse_all//Ga3As3H12.mtx,64,64,0.8
data/suitesparse_all//Ga3As3H12.mtx,256,256,-1.0
data/suitesparse_all//Ga3As3H12.mtx,512,512,-1.0
data/suitesparse_all//Ga3As3H12.mtx,1024,1024,-1.0
data/suitesparse_all//GaAsH6.mtx,64,64,0.8
data/suitesparse_all//GaAsH6.mtx,256,256,-1.0
data/suitesparse_all//GaAsH6.mtx,512,512,-1.0
data/suitesparse_all//GaAsH6.mtx,1024,1024,-1.0
data/suitesparse_all//Goodwin_054.mtx,64,64,-1.0
data/suitesparse_all//Goodwin_054.mtx,256,256,-1.0
data/suitesparse_all//Goodwin_054.mtx,512,512,-1.0
data/suitesparse_all//Goodwin_054.mtx,1024,1024,-1.0
data/suitesparse_all//Goodwin_071.mtx,64,64,-1.0
data/suitesparse_all//Goodwin_071.mtx,256,256,-1.0
data/suitesparse_all//Goodwin_071.mtx,512,512,-1.0
data/suitesparse_all//Goodwin_071.mtx,1024,1024,-1.0
data/suitesparse_all//Goodwin_095.mtx,64,64,-1.0
data/suitesparse_all//Goodwin_095.mtx,256,256,-1.0
data/suitesparse_all//Goodwin_095.mtx,512,512,0.4
data/suitesparse_all//Goodwin_095.mtx,1024,1024,0.4
data/suitesparse_all//H2O.mtx,64,64,-1.0
data/suitesparse_all//H2O.mtx,256,256,-1.0
data/suitesparse_all//H2O.mtx,512,512,-1.0
data/suitesparse_all//H2O.mtx,1024,1024,-1.0
data/suitesparse_all//HEP-th-new.mtx,64,64,0.6
data/suitesparse_all//HEP-th-new.mtx,256,256,-1.0
data/suitesparse_all//HEP-th-new.mtx,512,512,-1.0
data/suitesparse_all//HEP-th-new.mtx,1024,1024,-1.0
data/suitesparse_all//HEP-th.mtx,64,64,0.6
data/suitesparse_all//HEP-th.mtx,256,256,-1.0
data/suitesparse_all//HEP-th.mtx,512,512,-1.0
data/suitesparse_all//HEP-th.mtx,1024,1024,-1.0
data/suitesparse_all//Ill_Stokes.mtx,64,64,0.2
data/suitesparse_all//Ill_Stokes.mtx,256,256,-1.0
data/suitesparse_all//Ill_Stokes.mtx,512,512,-1.0
data/suitesparse_all//Ill_Stokes.mtx,1024,1024,-1.0
data/suitesparse_all//OPF_10000.mtx,64,64,-1.0
data/suitesparse_all//OPF_10000.mtx,256,256,-1.0
data/suitesparse_all//OPF_10000.mtx,512,512,-1.0
data/suitesparse_all//OPF_10000.mtx,1024,1024,-1.0
data/suitesparse_all//OPF_6000.mtx,64,64,0.4
data/suitesparse_all//OPF_6000.mtx,256,256,-1.0
data/suitesparse_all//OPF_6000.mtx,512,512,-1.0
data/suitesparse_all//OPF_6000.mtx,1024,1024,0.8
data/suitesparse_all//Si34H36.mtx,64,64,0.6
data/suitesparse_all//Si34H36.mtx,256,256,-1.0
data/suitesparse_all//Si34H36.mtx,512,512,-1.0
data/suitesparse_all//Si34H36.mtx,1024,1024,-1.0
data/suitesparse_all//SiO.mtx,64,64,0.8
data/suitesparse_all//SiO.mtx,256,256,-1.0
data/suitesparse_all//SiO.mtx,512,512,-1.0
data/suitesparse_all//SiO.mtx,1024,1024,-1.0
data/suitesparse_all//TEM27623.mtx,64,64,-1.0
data/suitesparse_all//TEM27623.mtx,256,256,-1.0
data/suitesparse_all//TEM27623.mtx,512,512,-1.0
data/suitesparse_all//TEM27623.mtx,1024,1024,-1.0
data/suitesparse_all//TSOPF_RS_b162_c4.mtx,64,64,-1.0
data/suitesparse_all//TSOPF_RS_b162_c4.mtx,256,256,0.01
data/suitesparse_all//TSOPF_RS_b162_c4.mtx,512,512,0.1
data/suitesparse_all//TSOPF_RS_b162_c4.mtx,1024,1024,0.01
data/suitesparse_all//TSOPF_RS_b2052_c1.mtx,64,64,-1.0
data/suitesparse_all//TSOPF_RS_b2052_c1.mtx,256,256,-1.0
data/suitesparse_all//TSOPF_RS_b2052_c1.mtx,512,512,-1.0
data/suitesparse_all//TSOPF_RS_b2052_c1.mtx,1024,1024,-1.0
data/suitesparse_all//TSOPF_RS_b2383.mtx,64,64,-1.0
data/suitesparse_all//TSOPF_RS_b2383.mtx,256,256,0.8
data/suitesparse_all//TSOPF_RS_b2383.mtx,512,512,-1.0
data/suitesparse_all//TSOPF_RS_b2383.mtx,1024,1024,-1.0
data/suitesparse_all//TSOPF_RS_b2383_c1.mtx,64,64,-1.0
data/suitesparse_all//TSOPF_RS_b2383_c1.mtx,256,256,-1.0
data/suitesparse_all//TSOPF_RS_b2383_c1.mtx,512,512,-1.0
data/suitesparse_all//TSOPF_RS_b2383_c1.mtx,1024,1024,0.4
data/suitesparse_all//TSOPF_RS_b300_c2.mtx,64,64,-1.0
data/suitesparse_all//TSOPF_RS_b300_c2.mtx,256,256,-1.0
data/suitesparse_all//TSOPF_RS_b300_c2.mtx,512,512,0.001
data/suitesparse_all//TSOPF_RS_b300_c2.mtx,1024,1024,0.001
data/suitesparse_all//TSOPF_RS_b300_c3.mtx,64,64,-1.0
data/suitesparse_all//TSOPF_RS_b300_c3.mtx,256,256,-1.0
data/suitesparse_all//TSOPF_RS_b300_c3.mtx,512,512,0.6
data/suitesparse_all//TSOPF_RS_b300_c3.mtx,1024,1024,0.6
data/suitesparse_all//TSOPF_RS_b39_c19.mtx,64,64,0.01
data/suitesparse_all//TSOPF_RS_b39_c19.mtx,256,256,0.01
data/suitesparse_all//TSOPF_RS_b39_c19.mtx,512,512,0.01
data/suitesparse_all//TSOPF_RS_b39_c19.mtx,1024,1024,-1.0
data/suitesparse_all//TSOPF_RS_b39_c30.mtx,64,64,0.4
data/suitesparse_all//TSOPF_RS_b39_c30.mtx,256,256,0.01
data/suitesparse_all//TSOPF_RS_b39_c30.mtx,512,512,0.4
data/suitesparse_all//TSOPF_RS_b39_c30.mtx,1024,1024,0.01
data/suitesparse_all//TSOPF_RS_b678_c2.mtx,64,64,-1.0
data/suitesparse_all//TSOPF_RS_b678_c2.mtx,256,256,-1.0
data/suitesparse_all//TSOPF_RS_b678_c2.mtx,512,512,0.4
data/suitesparse_all//TSOPF_RS_b678_c2.mtx,1024,1024,-1.0
data/suitesparse_all//Trefethen_20000.mtx,64,64,-1.0
data/suitesparse_all//Trefethen_20000.mtx,256,256,-1.0
data/suitesparse_all//Trefethen_20000.mtx,512,512,-1.0
data/suitesparse_all//Trefethen_20000.mtx,1024,1024,-1.0
data/suitesparse_all//Zd_Jac2.mtx,64,64,0.8
data/suitesparse_all//Zd_Jac2.mtx,256,256,-1.0
data/suitesparse_all//Zd_Jac2.mtx,512,512,-1.0
data/suitesparse_all//Zd_Jac2.mtx,1024,1024,-1.0
data/suitesparse_all//Zd_Jac2_db.mtx,64,64,-1.0
data/suitesparse_all//Zd_Jac2_db.mtx,256,256,-1.0
data/suitesparse_all//Zd_Jac2_db.mtx,512,512,-1.0
data/suitesparse_all//Zd_Jac2_db.mtx,1024,1024,-1.0
data/suitesparse_all//Zd_Jac3.mtx,64,64,0.6
data/suitesparse_all//Zd_Jac3.mtx,256,256,-1.0
data/suitesparse_all//Zd_Jac3.mtx,512,512,-1.0
data/suitesparse_all//Zd_Jac3.mtx,1024,1024,-1.0
data/suitesparse_all//Zd_Jac3_db.mtx,64,64,-1.0
data/suitesparse_all//Zd_Jac3_db.mtx,256,256,-1.0
data/suitesparse_all//Zd_Jac3_db.mtx,512,512,-1.0
data/suitesparse_all//Zd_Jac3_db.mtx,1024,1024,-1.0
data/suitesparse_all//Zd_Jac6.mtx,64,64,0.8
data/suitesparse_all//Zd_Jac6.mtx,256,256,-1.0
data/suitesparse_all//Zd_Jac6.mtx,512,512,-1.0
data/suitesparse_all//Zd_Jac6.mtx,1024,1024,-1.0
data/suitesparse_all//Zd_Jac6_db.mtx,64,64,-1.0
data/suitesparse_all//Zd_Jac6_db.mtx,256,256,-1.0
data/suitesparse_all//Zd_Jac6_db.mtx,512,512,-1.0
data/suitesparse_all//Zd_Jac6_db.mtx,1024,1024,-1.0
data/suitesparse_all//Zhao1.mtx,64,64,-1.0
data/suitesparse_all//Zhao1.mtx,256,256,-1.0
data/suitesparse_all//Zhao1.mtx,512,512,-1.0
data/suitesparse_all//Zhao1.mtx,1024,1024,-1.0
data/suitesparse_all//Zhao2.mtx,64,64,-1.0
data/suitesparse_all//Zhao2.mtx,256,256,-1.0
data/suitesparse_all//Zhao2.mtx,512,512,-1.0
data/suitesparse_all//Zhao2.mtx,1024,1024,-1.0
data/suitesparse_all//af23560.mtx,64,64,0.2
data/suitesparse_all//af23560.mtx,256,256,0.01
data/suitesparse_all//af23560.mtx,512,512,-1.0
data/suitesparse_all//af23560.mtx,1024,1024,-1.0
data/suitesparse_all//ak2010.mtx,64,64,0.2
data/suitesparse_all//ak2010.mtx,256,256,-1.0
data/suitesparse_all//ak2010.mtx,512,512,-1.0
data/suitesparse_all//ak2010.mtx,1024,1024,0.001
data/suitesparse_all//as-22july06.mtx,64,64,0.2
data/suitesparse_all//as-22july06.mtx,256,256,0.1
data/suitesparse_all//as-22july06.mtx,512,512,0.001
data/suitesparse_all//as-22july06.mtx,1024,1024,0.001
data/suitesparse_all//as-caida.mtx,64,64,0.1
data/suitesparse_all//as-caida.mtx,256,256,0.001
data/suitesparse_all//as-caida.mtx,512,512,0.2
data/suitesparse_all//as-caida.mtx,1024,1024,0.001
data/suitesparse_all//aug2d.mtx,64,64,0.4
data/suitesparse_all//aug2d.mtx,256,256,-1.0
data/suitesparse_all//aug2d.mtx,512,512,-1.0
data/suitesparse_all//aug2d.mtx,1024,1024,-1.0
data/suitesparse_all//aug3d.mtx,64,64,0.4
data/suitesparse_all//aug3d.mtx,256,256,0.01
data/suitesparse_all//aug3d.mtx,512,512,0.6
data/suitesparse_all//aug3d.mtx,1024,1024,0.1
data/suitesparse_all//av41092.mtx,64,64,0.1
data/suitesparse_all//av41092.mtx,256,256,0.001
data/suitesparse_all//av41092.mtx,512,512,0.001
data/suitesparse_all//av41092.mtx,1024,1024,0.001
data/suitesparse_all//bayer04.mtx,64,64,-1.0
data/suitesparse_all//bayer04.mtx,256,256,-1.0
data/suitesparse_all//bayer04.mtx,512,512,0.4
data/suitesparse_all//bayer04.mtx,1024,1024,0.4
data/suitesparse_all//bbmat.mtx,64,64,-1.0
data/suitesparse_all//bbmat.mtx,256,256,-1.0
data/suitesparse_all//bbmat.mtx,512,512,-1.0
data/suitesparse_all//bbmat.mtx,1024,1024,0.4
data/suitesparse_all//bcsstk30.mtx,64,64,-1.0
data/suitesparse_all//bcsstk30.mtx,256,256,-1.0
data/suitesparse_all//bcsstk30.mtx,512,512,-1.0
data/suitesparse_all//bcsstk30.mtx,1024,1024,-1.0
data/suitesparse_all//bcsstk31.mtx,64,64,-1.0
data/suitesparse_all//bcsstk31.mtx,256,256,-1.0
data/suitesparse_all//bcsstk31.mtx,512,512,-1.0
data/suitesparse_all//bcsstk31.mtx,1024,1024,-1.0
data/suitesparse_all//bcsstk32.mtx,64,64,-1.0
data/suitesparse_all//bcsstk32.mtx,256,256,-1.0
data/suitesparse_all//bcsstk32.mtx,512,512,-1.0
data/suitesparse_all//bcsstk32.mtx,1024,1024,-1.0
data/suitesparse_all//bcsstk35.mtx,64,64,-1.0
data/suitesparse_all//bcsstk35.mtx,256,256,-1.0
data/suitesparse_all//bcsstk35.mtx,512,512,-1.0
data/suitesparse_all//bcsstk35.mtx,1024,1024,0.001
data/suitesparse_all//bcsstk36.mtx,64,64,-1.0
data/suitesparse_all//bcsstk36.mtx,256,256,-1.0
data/suitesparse_all//bcsstk36.mtx,512,512,-1.0
data/suitesparse_all//bcsstk36.mtx,1024,1024,0.001
data/suitesparse_all//bcsstk37.mtx,64,64,-1.0
data/suitesparse_all//bcsstk37.mtx,256,256,-1.0
data/suitesparse_all//bcsstk37.mtx,512,512,-1.0
data/suitesparse_all//bcsstk37.mtx,1024,1024,0.001
data/suitesparse_all//bcsstk39.mtx,64,64,-1.0
data/suitesparse_all//bcsstk39.mtx,256,256,-1.0
data/suitesparse_all//bcsstk39.mtx,512,512,-1.0
data/suitesparse_all//bcsstk39.mtx,1024,1024,-1.0
data/suitesparse_all//bcsstm36.mtx,64,64,0.8
data/suitesparse_all//bcsstm36.mtx,256,256,0.8
data/suitesparse_all//bcsstm36.mtx,512,512,0.8
data/suitesparse_all//bcsstm36.mtx,1024,1024,0.6
data/suitesparse_all//biplane-9.mtx,64,64,0.6
data/suitesparse_all//biplane-9.mtx,256,256,-1.0
data/suitesparse_all//biplane-9.mtx,512,512,0.001
data/suitesparse_all//biplane-9.mtx,1024,1024,-1.0
data/suitesparse_all//bips07_3078.mtx,64,64,-1.0
data/suitesparse_all//bips07_3078.mtx,256,256,-1.0
data/suitesparse_all//bips07_3078.mtx,512,512,-1.0
data/suitesparse_all//bips07_3078.mtx,1024,1024,0.2
data/suitesparse_all//blockqp1.mtx,64,64,0.4
data/suitesparse_all//blockqp1.mtx,256,256,0.4
data/suitesparse_all//blockqp1.mtx,512,512,0.4
data/suitesparse_all//blockqp1.mtx,1024,1024,0.4
data/suitesparse_all//bloweya.mtx,64,64,0.4
data/suitesparse_all//bloweya.mtx,256,256,0.4
data/suitesparse_all//bloweya.mtx,512,512,0.4
data/suitesparse_all//bloweya.mtx,1024,1024,0.4
data/suitesparse_all//bloweybl.mtx,64,64,-1.0
data/suitesparse_all//bloweybl.mtx,256,256,-1.0
data/suitesparse_all//bloweybl.mtx,512,512,-1.0
data/suitesparse_all//bloweybl.mtx,1024,1024,-1.0
data/suitesparse_all//boyd1.mtx,64,64,-1.0
data/suitesparse_all//boyd1.mtx,256,256,-1.0
data/suitesparse_all//boyd1.mtx,512,512,-1.0
data/suitesparse_all//boyd1.mtx,1024,1024,-1.0
data/suitesparse_all//brack2.mtx,64,64,0.2
data/suitesparse_all//brack2.mtx,256,256,-1.0
data/suitesparse_all//brack2.mtx,512,512,-1.0
data/suitesparse_all//brack2.mtx,1024,1024,-1.0
data/suitesparse_all//c-49.mtx,64,64,-1.0
data/suitesparse_all//c-49.mtx,256,256,-1.0
data/suitesparse_all//c-49.mtx,512,512,-1.0
data/suitesparse_all//c-49.mtx,1024,1024,-1.0
data/suitesparse_all//c-50.mtx,64,64,-1.0
data/suitesparse_all//c-50.mtx,256,256,-1.0
data/suitesparse_all//c-50.mtx,512,512,-1.0
data/suitesparse_all//c-50.mtx,1024,1024,-1.0
data/suitesparse_all//c-51.mtx,64,64,-1.0
data/suitesparse_all//c-51.mtx,256,256,-1.0
data/suitesparse_all//c-51.mtx,512,512,-1.0
data/suitesparse_all//c-51.mtx,1024,1024,-1.0
data/suitesparse_all//c-52.mtx,64,64,-1.0
data/suitesparse_all//c-52.mtx,256,256,-1.0
data/suitesparse_all//c-52.mtx,512,512,-1.0
data/suitesparse_all//c-52.mtx,1024,1024,-1.0
data/suitesparse_all//c-53.mtx,64,64,-1.0
data/suitesparse_all//c-53.mtx,256,256,-1.0
data/suitesparse_all//c-53.mtx,512,512,-1.0
data/suitesparse_all//c-53.mtx,1024,1024,-1.0
data/suitesparse_all//c-54.mtx,64,64,-1.0
data/suitesparse_all//c-54.mtx,256,256,-1.0
data/suitesparse_all//c-54.mtx,512,512,-1.0
data/suitesparse_all//c-54.mtx,1024,1024,-1.0
data/suitesparse_all//c-55.mtx,64,64,-1.0
data/suitesparse_all//c-55.mtx,256,256,-1.0
data/suitesparse_all//c-55.mtx,512,512,-1.0
data/suitesparse_all//c-55.mtx,1024,1024,-1.0
data/suitesparse_all//c-56.mtx,64,64,-1.0
data/suitesparse_all//c-56.mtx,256,256,-1.0
data/suitesparse_all//c-56.mtx,512,512,-1.0
data/suitesparse_all//c-56.mtx,1024,1024,-1.0
data/suitesparse_all//c-57.mtx,64,64,-1.0
data/suitesparse_all//c-57.mtx,256,256,-1.0
data/suitesparse_all//c-57.mtx,512,512,-1.0
data/suitesparse_all//c-57.mtx,1024,1024,-1.0
data/suitesparse_all//c-58.mtx,64,64,-1.0
data/suitesparse_all//c-58.mtx,256,256,-1.0
data/suitesparse_all//c-58.mtx,512,512,-1.0
data/suitesparse_all//c-58.mtx,1024,1024,-1.0
data/suitesparse_all//c-59.mtx,64,64,-1.0
data/suitesparse_all//c-59.mtx,256,256,-1.0
data/suitesparse_all//c-59.mtx,512,512,-1.0
data/suitesparse_all//c-59.mtx,1024,1024,-1.0
data/suitesparse_all//c-60.mtx,64,64,-1.0
data/suitesparse_all//c-60.mtx,256,256,-1.0
data/suitesparse_all//c-60.mtx,512,512,-1.0
data/suitesparse_all//c-60.mtx,1024,1024,-1.0
data/suitesparse_all//c-61.mtx,64,64,-1.0
data/suitesparse_all//c-61.mtx,256,256,-1.0
data/suitesparse_all//c-61.mtx,512,512,-1.0
data/suitesparse_all//c-61.mtx,1024,1024,-1.0
data/suitesparse_all//c-62.mtx,64,64,-1.0
data/suitesparse_all//c-62.mtx,256,256,-1.0
data/suitesparse_all//c-62.mtx,512,512,-1.0
data/suitesparse_all//c-62.mtx,1024,1024,-1.0
data/suitesparse_all//c-62ghs.mtx,64,64,-1.0
data/suitesparse_all//c-62ghs.mtx,256,256,-1.0
data/suitesparse_all//c-62ghs.mtx,512,512,-1.0
data/suitesparse_all//c-62ghs.mtx,1024,1024,-1.0
data/suitesparse_all//c-63.mtx,64,64,-1.0
data/suitesparse_all//c-63.mtx,256,256,-1.0
data/suitesparse_all//c-63.mtx,512,512,-1.0
data/suitesparse_all//c-63.mtx,1024,1024,-1.0
data/suitesparse_all//c-64.mtx,64,64,-1.0
data/suitesparse_all//c-64.mtx,256,256,-1.0
data/suitesparse_all//c-64.mtx,512,512,-1.0
data/suitesparse_all//c-64.mtx,1024,1024,-1.0
data/suitesparse_all//c-64b.mtx,64,64,-1.0
data/suitesparse_all//c-64b.mtx,256,256,-1.0
data/suitesparse_all//c-64b.mtx,512,512,-1.0
data/suitesparse_all//c-64b.mtx,1024,1024,-1.0
data/suitesparse_all//c-65.mtx,64,64,-1.0
data/suitesparse_all//c-65.mtx,256,256,-1.0
data/suitesparse_all//c-65.mtx,512,512,-1.0
data/suitesparse_all//c-65.mtx,1024,1024,-1.0
data/suitesparse_all//c-66.mtx,64,64,-1.0
data/suitesparse_all//c-66.mtx,256,256,-1.0
data/suitesparse_all//c-66.mtx,512,512,-1.0
data/suitesparse_all//c-66.mtx,1024,1024,-1.0
data/suitesparse_all//c-66b.mtx,64,64,-1.0
data/suitesparse_all//c-66b.mtx,256,256,-1.0
data/suitesparse_all//c-66b.mtx,512,512,-1.0
data/suitesparse_all//c-66b.mtx,1024,1024,-1.0
data/suitesparse_all//c-67.mtx,64,64,-1.0
data/suitesparse_all//c-67.mtx,256,256,-1.0
data/suitesparse_all//c-67.mtx,512,512,-1.0
data/suitesparse_all//c-67.mtx,1024,1024,-1.0
data/suitesparse_all//c-67b.mtx,64,64,-1.0
data/suitesparse_all//c-67b.mtx,256,256,-1.0
data/suitesparse_all//c-67b.mtx,512,512,-1.0
data/suitesparse_all//c-67b.mtx,1024,1024,-1.0
data/suitesparse_all//c-68.mtx,64,64,-1.0
data/suitesparse_all//c-68.mtx,256,256,-1.0
data/suitesparse_all//c-68.mtx,512,512,-1.0
data/suitesparse_all//c-68.mtx,1024,1024,-1.0
data/suitesparse_all//c-69.mtx,64,64,-1.0
data/suitesparse_all//c-69.mtx,256,256,-1.0
data/suitesparse_all//c-69.mtx,512,512,-1.0
data/suitesparse_all//c-69.mtx,1024,1024,-1.0
data/suitesparse_all//c-70.mtx,64,64,-1.0
data/suitesparse_all//c-70.mtx,256,256,-1.0
data/suitesparse_all//c-70.mtx,512,512,-1.0
data/suitesparse_all//c-70.mtx,1024,1024,-1.0
data/suitesparse_all//c-71.mtx,64,64,-1.0
data/suitesparse_all//c-71.mtx,256,256,-1.0
data/suitesparse_all//c-71.mtx,512,512,-1.0
data/suitesparse_all//c-71.mtx,1024,1024,-1.0
data/suitesparse_all//c-72.mtx,64,64,-1.0
data/suitesparse_all//c-72.mtx,256,256,-1.0
data/suitesparse_all//c-72.mtx,512,512,-1.0
data/suitesparse_all//c-72.mtx,1024,1024,-1.0
data/suitesparse_all//ca-CondMat.mtx,64,64,0.4
data/suitesparse_all//ca-CondMat.mtx,256,256,0.01
data/suitesparse_all//ca-CondMat.mtx,512,512,0.01
data/suitesparse_all//ca-CondMat.mtx,1024,1024,0.001
data/suitesparse_all//cage11.mtx,64,64,-1.0
data/suitesparse_all//cage11.mtx,256,256,0.8
data/suitesparse_all//cage11.mtx,512,512,-1.0
data/suitesparse_all//cage11.mtx,1024,1024,-1.0
data/suitesparse_all//cant.mtx,64,64,0.4
data/suitesparse_all//cant.mtx,256,256,0.4
data/suitesparse_all//cant.mtx,512,512,-1.0
data/suitesparse_all//cant.mtx,1024,1024,-1.0
data/suitesparse_all//cfd1.mtx,64,64,-1.0
data/suitesparse_all//cfd1.mtx,256,256,-1.0
data/suitesparse_all//cfd1.mtx,512,512,-1.0
data/suitesparse_all//cfd1.mtx,1024,1024,-1.0
data/suitesparse_all//chem_master1.mtx,64,64,0.01
data/suitesparse_all//chem_master1.mtx,256,256,-1.0
data/suitesparse_all//chem_master1.mtx,512,512,-1.0
data/suitesparse_all//chem_master1.mtx,1024,1024,0.001
data/suitesparse_all//chipcool0.mtx,64,64,-1.0
data/suitesparse_all//chipcool0.mtx,256,256,-1.0
data/suitesparse_all//chipcool0.mtx,512,512,-1.0
data/suitesparse_all//chipcool0.mtx,1024,1024,0.4
data/suitesparse_all//chipcool1.mtx,64,64,-1.0
data/suitesparse_all//chipcool1.mtx,256,256,-1.0
data/suitesparse_all//chipcool1.mtx,512,512,-1.0
data/suitesparse_all//chipcool1.mtx,1024,1024,0.4
data/suitesparse_all//cit-HepPh.mtx,64,64,0.6
data/suitesparse_all//cit-HepPh.mtx,256,256,-1.0
data/suitesparse_all//cit-HepPh.mtx,512,512,0.6
data/suitesparse_all//cit-HepPh.mtx,1024,1024,0.2
data/suitesparse_all//cit-HepTh.mtx,64,64,0.6
data/suitesparse_all//cit-HepTh.mtx,256,256,-1.0
data/suitesparse_all//cit-HepTh.mtx,512,512,-1.0
data/suitesparse_all//cit-HepTh.mtx,1024,1024,-1.0
data/suitesparse_all//ckt11752_dc_1.mtx,64,64,-1.0
data/suitesparse_all//ckt11752_dc_1.mtx,256,256,-1.0
data/suitesparse_all//ckt11752_dc_1.mtx,512,512,-1.0
data/suitesparse_all//ckt11752_dc_1.mtx,1024,1024,-1.0
data/suitesparse_all//ckt11752_tr_0.mtx,64,64,-1.0
data/suitesparse_all//ckt11752_tr_0.mtx,256,256,-1.0
data/suitesparse_all//ckt11752_tr_0.mtx,512,512,-1.0
data/suitesparse_all//ckt11752_tr_0.mtx,1024,1024,-1.0
data/suitesparse_all//cond-mat-2003.mtx,64,64,0.2
data/suitesparse_all//cond-mat-2003.mtx,256,256,0.01
data/suitesparse_all//cond-mat-2003.mtx,512,512,0.001
data/suitesparse_all//cond-mat-2003.mtx,1024,1024,0.01
data/suitesparse_all//cond-mat-2005.mtx,64,64,0.2
data/suitesparse_all//cond-mat-2005.mtx,256,256,0.01
data/suitesparse_all//cond-mat-2005.mtx,512,512,0.01
data/suitesparse_all//cond-mat-2005.mtx,1024,1024,0.01
data/suitesparse_all//conf5_4-8x8-05.mtx,64,64,0.8
data/suitesparse_all//conf5_4-8x8-05.mtx,256,256,0.8
data/suitesparse_all//conf5_4-8x8-05.mtx,512,512,-1.0
data/suitesparse_all//conf5_4-8x8-05.mtx,1024,1024,0.8
data/suitesparse_all//conf5_4-8x8-10.mtx,64,64,0.8
data/suitesparse_all//conf5_4-8x8-10.mtx,256,256,0.8
data/suitesparse_all//conf5_4-8x8-10.mtx,512,512,-1.0
data/suitesparse_all//conf5_4-8x8-10.mtx,1024,1024,0.8
data/suitesparse_all//conf5_4-8x8-15.mtx,64,64,0.8
data/suitesparse_all//conf5_4-8x8-15.mtx,256,256,0.8
data/suitesparse_all//conf5_4-8x8-15.mtx,512,512,-1.0
data/suitesparse_all//conf5_4-8x8-15.mtx,1024,1024,0.8
data/suitesparse_all//conf5_4-8x8-20.mtx,64,64,0.8
data/suitesparse_all//conf5_4-8x8-20.mtx,256,256,0.8
data/suitesparse_all//conf5_4-8x8-20.mtx,512,512,-1.0
data/suitesparse_all//conf5_4-8x8-20.mtx,1024,1024,0.8
data/suitesparse_all//conf6_0-8x8-20.mtx,64,64,0.8
data/suitesparse_all//conf6_0-8x8-20.mtx,256,256,0.8
data/suitesparse_all//conf6_0-8x8-20.mtx,512,512,-1.0
data/suitesparse_all//conf6_0-8x8-20.mtx,1024,1024,0.8
data/suitesparse_all//conf6_0-8x8-30.mtx,64,64,0.8
data/suitesparse_all//conf6_0-8x8-30.mtx,256,256,0.8
data/suitesparse_all//conf6_0-8x8-30.mtx,512,512,-1.0
data/suitesparse_all//conf6_0-8x8-30.mtx,1024,1024,0.8
data/suitesparse_all//conf6_0-8x8-80.mtx,64,64,0.8
data/suitesparse_all//conf6_0-8x8-80.mtx,256,256,0.8
data/suitesparse_all//conf6_0-8x8-80.mtx,512,512,-1.0
data/suitesparse_all//conf6_0-8x8-80.mtx,1024,1024,0.8
data/suitesparse_all//consph.mtx,64,64,-1.0
data/suitesparse_all//consph.mtx,256,256,-1.0
data/suitesparse_all//consph.mtx,512,512,-1.0
data/suitesparse_all//consph.mtx,1024,1024,-1.0
data/suitesparse_all//copter2.mtx,64,64,0.2
data/suitesparse_all//copter2.mtx,256,256,0.2
data/suitesparse_all//copter2.mtx,512,512,-1.0
data/suitesparse_all//copter2.mtx,1024,1024,-1.0
data/suitesparse_all//crack_dual.mtx,64,64,0.2
data/suitesparse_all//crack_dual.mtx,256,256,0.2
data/suitesparse_all//crack_dual.mtx,512,512,0.1
data/suitesparse_all//crack_dual.mtx,1024,1024,0.4
data/suitesparse_all//crankseg_1.mtx,64,64,0.1
data/suitesparse_all//crankseg_1.mtx,256,256,0.1
data/suitesparse_all//crankseg_1.mtx,512,512,0.001
data/suitesparse_all//crankseg_1.mtx,1024,1024,0.001
data/suitesparse_all//crankseg_2.mtx,64,64,0.1
data/suitesparse_all//crankseg_2.mtx,256,256,0.1
data/suitesparse_all//crankseg_2.mtx,512,512,0.001
data/suitesparse_all//crankseg_2.mtx,1024,1024,0.001
data/suitesparse_all//crystk03.mtx,64,64,0.4
data/suitesparse_all//crystk03.mtx,256,256,0.2
data/suitesparse_all//crystk03.mtx,512,512,0.2
data/suitesparse_all//crystk03.mtx,1024,1024,-1.0
data/suitesparse_all//crystm03.mtx,64,64,0.4
data/suitesparse_all//crystm03.mtx,256,256,0.2
data/suitesparse_all//crystm03.mtx,512,512,0.2
data/suitesparse_all//crystm03.mtx,1024,1024,-1.0
data/suitesparse_all//cs4.mtx,64,64,0.1
data/suitesparse_all//cs4.mtx,256,256,0.001
data/suitesparse_all//cs4.mtx,512,512,0.1
data/suitesparse_all//cs4.mtx,1024,1024,0.001
data/suitesparse_all//ct20stif.mtx,64,64,-1.0
data/suitesparse_all//ct20stif.mtx,256,256,-1.0
data/suitesparse_all//ct20stif.mtx,512,512,-1.0
data/suitesparse_all//ct20stif.mtx,1024,1024,-1.0
data/suitesparse_all//cvxbqp1.mtx,64,64,-1.0
data/suitesparse_all//cvxbqp1.mtx,256,256,-1.0
data/suitesparse_all//cvxbqp1.mtx,512,512,-1.0
data/suitesparse_all//cvxbqp1.mtx,1024,1024,-1.0
data/suitesparse_all//cz20468.mtx,64,64,-1.0
data/suitesparse_all//cz20468.mtx,256,256,0.001
data/suitesparse_all//cz20468.mtx,512,512,0.001
data/suitesparse_all//cz20468.mtx,1024,1024,0.001
data/suitesparse_all//cz40948.mtx,64,64,0.6
data/suitesparse_all//cz40948.mtx,256,256,0.4
data/suitesparse_all//cz40948.mtx,512,512,0.001
data/suitesparse_all//cz40948.mtx,1024,1024,0.001
data/suitesparse_all//dawson5.mtx,64,64,0.2
data/suitesparse_all//dawson5.mtx,256,256,0.2
data/suitesparse_all//dawson5.mtx,512,512,0.2
data/suitesparse_all//dawson5.mtx,1024,1024,0.1
data/suitesparse_all//de2010.mtx,64,64,0.2
data/suitesparse_all//de2010.mtx,256,256,-1.0
data/suitesparse_all//de2010.mtx,512,512,-1.0
data/suitesparse_all//de2010.mtx,1024,1024,-1.0
data/suitesparse_all//delaunay_n15.mtx,64,64,-1.0
data/suitesparse_all//delaunay_n15.mtx,256,256,-1.0
data/suitesparse_all//delaunay_n15.mtx,512,512,-1.0
data/suitesparse_all//delaunay_n15.mtx,1024,1024,-1.0
data/suitesparse_all//denormal.mtx,64,64,0.2
data/suitesparse_all//denormal.mtx,256,256,-1.0
data/suitesparse_all//denormal.mtx,512,512,0.01
data/suitesparse_all//denormal.mtx,1024,1024,-1.0
data/suitesparse_all//descriptor_xingo6u.mtx,64,64,-1.0
data/suitesparse_all//descriptor_xingo6u.mtx,256,256,-1.0
data/suitesparse_all//descriptor_xingo6u.mtx,512,512,-1.0
data/suitesparse_all//descriptor_xingo6u.mtx,1024,1024,0.6
data/suitesparse_all//ecl32.mtx,64,64,-1.0
data/suitesparse_all//ecl32.mtx,256,256,-1.0
data/suitesparse_all//ecl32.mtx,512,512,-1.0
data/suitesparse_all//ecl32.mtx,1024,1024,-1.0
data/suitesparse_all//email-Enron.mtx,64,64,0.2
data/suitesparse_all//email-Enron.mtx,256,256,0.1
data/suitesparse_all//email-Enron.mtx,512,512,0.001
data/suitesparse_all//email-Enron.mtx,1024,1024,0.001
data/suitesparse_all//epb2.mtx,64,64,0.8
data/suitesparse_all//epb2.mtx,256,256,0.6
data/suitesparse_all//epb2.mtx,512,512,0.6
data/suitesparse_all//epb2.mtx,1024,1024,-1.0
data/suitesparse_all//fe_body.mtx,64,64,-1.0
data/suitesparse_all//fe_body.mtx,256,256,-1.0
data/suitesparse_all//fe_body.mtx,512,512,0.001
data/suitesparse_all//fe_body.mtx,1024,1024,0.01
data/suitesparse_all//fe_rotor.mtx,64,64,0.2
data/suitesparse_all//fe_rotor.mtx,256,256,0.2
data/suitesparse_all//fe_rotor.mtx,512,512,0.2
data/suitesparse_all//fe_rotor.mtx,1024,1024,0.2
data/suitesparse_all//fe_tooth.mtx,64,64,0.2
data/suitesparse_all//fe_tooth.mtx,256,256,-1.0
data/suitesparse_all//fe_tooth.mtx,512,512,-1.0
data/suitesparse_all//fe_tooth.mtx,1024,1024,-1.0
data/suitesparse_all//fem_filter.mtx,64,64,-1.0
data/suitesparse_all//fem_filter.mtx,256,256,-1.0
data/suitesparse_all//fem_filter.mtx,512,512,-1.0
data/suitesparse_all//fem_filter.mtx,1024,1024,-1.0
data/suitesparse_all//finan512.mtx,64,64,-1.0
data/suitesparse_all//finan512.mtx,256,256,0.4
data/suitesparse_all//finan512.mtx,512,512,0.2
data/suitesparse_all//finan512.mtx,1024,1024,0.2
data/suitesparse_all//finance256.mtx,64,64,-1.0
data/suitesparse_all//finance256.mtx,256,256,0.2
data/suitesparse_all//finance256.mtx,512,512,0.4
data/suitesparse_all//finance256.mtx,1024,1024,0.2
data/suitesparse_all//g7jac080.mtx,64,64,0.1
data/suitesparse_all//g7jac080.mtx,256,256,0.001
data/suitesparse_all//g7jac080.mtx,512,512,0.01
data/suitesparse_all//g7jac080.mtx,1024,1024,0.2
data/suitesparse_all//g7jac080sc.mtx,64,64,0.1
data/suitesparse_all//g7jac080sc.mtx,256,256,0.001
data/suitesparse_all//g7jac080sc.mtx,512,512,0.01
data/suitesparse_all//g7jac080sc.mtx,1024,1024,0.2
data/suitesparse_all//g7jac100.mtx,64,64,0.1
data/suitesparse_all//g7jac100.mtx,256,256,0.01
data/suitesparse_all//g7jac100.mtx,512,512,0.01
data/suitesparse_all//g7jac100.mtx,1024,1024,0.2
data/suitesparse_all//g7jac100sc.mtx,64,64,0.1
data/suitesparse_all//g7jac100sc.mtx,256,256,0.01
data/suitesparse_all//g7jac100sc.mtx,512,512,0.01
data/suitesparse_all//g7jac100sc.mtx,1024,1024,0.2
data/suitesparse_all//g7jac120.mtx,64,64,0.1
data/suitesparse_all//g7jac120.mtx,256,256,0.01
data/suitesparse_all//g7jac120.mtx,512,512,0.01
data/suitesparse_all//g7jac120.mtx,1024,1024,0.1
data/suitesparse_all//g7jac120sc.mtx,64,64,0.1
data/suitesparse_all//g7jac120sc.mtx,256,256,0.01
data/suitesparse_all//g7jac120sc.mtx,512,512,0.01
data/suitesparse_all//g7jac120sc.mtx,1024,1024,0.1
data/suitesparse_all//g7jac140.mtx,64,64,0.1
data/suitesparse_all//g7jac140.mtx,256,256,0.01
data/suitesparse_all//g7jac140.mtx,512,512,0.01
data/suitesparse_all//g7jac140.mtx,1024,1024,0.1
data/suitesparse_all//g7jac140sc.mtx,64,64,0.1
data/suitesparse_all//g7jac140sc.mtx,256,256,0.01
data/suitesparse_all//g7jac140sc.mtx,512,512,0.01
data/suitesparse_all//g7jac140sc.mtx,1024,1024,0.1
data/suitesparse_all//g7jac160.mtx,64,64,0.1
data/suitesparse_all//g7jac160.mtx,256,256,0.01
data/suitesparse_all//g7jac160.mtx,512,512,0.01
data/suitesparse_all//g7jac160.mtx,1024,1024,0.1
data/suitesparse_all//g7jac160sc.mtx,64,64,0.1
data/suitesparse_all//g7jac160sc.mtx,256,256,0.01
data/suitesparse_all//g7jac160sc.mtx,512,512,0.01
data/suitesparse_all//g7jac160sc.mtx,1024,1024,0.1
data/suitesparse_all//g7jac180.mtx,64,64,0.1
data/suitesparse_all//g7jac180.mtx,256,256,0.01
data/suitesparse_all//g7jac180.mtx,512,512,0.01
data/suitesparse_all//g7jac180.mtx,1024,1024,0.1
data/suitesparse_all//g7jac180sc.mtx,64,64,0.1
data/suitesparse_all//g7jac180sc.mtx,256,256,0.01
data/suitesparse_all//g7jac180sc.mtx,512,512,0.01
data/suitesparse_all//g7jac180sc.mtx,1024,1024,0.1
data/suitesparse_all//g7jac200.mtx,64,64,0.1
data/suitesparse_all//g7jac200.mtx,256,256,0.01
data/suitesparse_all//g7jac200.mtx,512,512,0.01
data/suitesparse_all//g7jac200.mtx,1024,1024,0.1
data/suitesparse_all//g7jac200sc.mtx,64,64,0.1
data/suitesparse_all//g7jac200sc.mtx,256,256,0.01
data/suitesparse_all//g7jac200sc.mtx,512,512,0.01
data/suitesparse_all//g7jac200sc.mtx,1024,1024,0.1
data/suitesparse_all//gas_sensor.mtx,64,64,-1.0
data/suitesparse_all//gas_sensor.mtx,256,256,-1.0
data/suitesparse_all//gas_sensor.mtx,512,512,-1.0
data/suitesparse_all//gas_sensor.mtx,1024,1024,0.4
data/suitesparse_all//gridgena.mtx,64,64,0.4
data/suitesparse_all//gridgena.mtx,256,256,-1.0
data/suitesparse_all//gridgena.mtx,512,512,-1.0
data/suitesparse_all//gridgena.mtx,1024,1024,-1.0
data/suitesparse_all//gupta1.mtx,64,64,-1.0
data/suitesparse_all//gupta1.mtx,256,256,-1.0
data/suitesparse_all//gupta1.mtx,512,512,-1.0
data/suitesparse_all//gupta1.mtx,1024,1024,-1.0
data/suitesparse_all//gupta2.mtx,64,64,0.8
data/suitesparse_all//gupta2.mtx,256,256,-1.0
data/suitesparse_all//gupta2.mtx,512,512,-1.0
data/suitesparse_all//gupta2.mtx,1024,1024,-1.0
data/suitesparse_all//helm3d01.mtx,64,64,0.2
data/suitesparse_all//helm3d01.mtx,256,256,-1.0
data/suitesparse_all//helm3d01.mtx,512,512,-1.0
data/suitesparse_all//helm3d01.mtx,1024,1024,-1.0
data/suitesparse_all//hi2010.mtx,64,64,0.2
data/suitesparse_all//hi2010.mtx,256,256,-1.0
data/suitesparse_all//hi2010.mtx,512,512,-1.0
data/suitesparse_all//hi2010.mtx,1024,1024,-1.0
data/suitesparse_all//hvdc1.mtx,64,64,-1.0
data/suitesparse_all//hvdc1.mtx,256,256,-1.0
data/suitesparse_all//hvdc1.mtx,512,512,-1.0
data/suitesparse_all//hvdc1.mtx,1024,1024,0.1
data/suitesparse_all//ibm_matrix_2.mtx,64,64,-1.0
data/suitesparse_all//ibm_matrix_2.mtx,256,256,-1.0
data/suitesparse_all//ibm_matrix_2.mtx,512,512,-1.0
data/suitesparse_all//ibm_matrix_2.mtx,1024,1024,-1.0
data/suitesparse_all//ifiss_mat.mtx,64,64,-1.0
data/suitesparse_all//ifiss_mat.mtx,256,256,-1.0
data/suitesparse_all//ifiss_mat.mtx,512,512,-1.0
data/suitesparse_all//ifiss_mat.mtx,1024,1024,-1.0
data/suitesparse_all//invextr1_new.mtx,64,64,0.1
data/suitesparse_all//invextr1_new.mtx,256,256,0.001
data/suitesparse_all//invextr1_new.mtx,512,512,0.001
data/suitesparse_all//invextr1_new.mtx,1024,1024,0.001
data/suitesparse_all//jan99jac060.mtx,64,64,0.1
data/suitesparse_all//jan99jac060.mtx,256,256,0.1
data/suitesparse_all//jan99jac060.mtx,512,512,0.1
data/suitesparse_all//jan99jac060.mtx,1024,1024,0.4
data/suitesparse_all//jan99jac060sc.mtx,64,64,0.1
data/suitesparse_all//jan99jac060sc.mtx,256,256,0.1
data/suitesparse_all//jan99jac060sc.mtx,512,512,0.1
data/suitesparse_all//jan99jac060sc.mtx,1024,1024,0.4
data/suitesparse_all//jan99jac080.mtx,64,64,0.2
data/suitesparse_all//jan99jac080.mtx,256,256,0.1
data/suitesparse_all//jan99jac080.mtx,512,512,0.1
data/suitesparse_all//jan99jac080.mtx,1024,1024,0.4
data/suitesparse_all//jan99jac080sc.mtx,64,64,0.2
data/suitesparse_all//jan99jac080sc.mtx,256,256,0.1
data/suitesparse_all//jan99jac080sc.mtx,512,512,0.1
data/suitesparse_all//jan99jac080sc.mtx,1024,1024,0.4
data/suitesparse_all//jan99jac100.mtx,64,64,0.2
data/suitesparse_all//jan99jac100.mtx,256,256,0.1
data/suitesparse_all//jan99jac100.mtx,512,512,0.1
data/suitesparse_all//jan99jac100.mtx,1024,1024,0.2
data/suitesparse_all//jan99jac100sc.mtx,64,64,0.2
data/suitesparse_all//jan99jac100sc.mtx,256,256,0.1
data/suitesparse_all//jan99jac100sc.mtx,512,512,0.1
data/suitesparse_all//jan99jac100sc.mtx,1024,1024,0.2
data/suitesparse_all//jan99jac120.mtx,64,64,0.1
data/suitesparse_all//jan99jac120.mtx,256,256,0.1
data/suitesparse_all//jan99jac120.mtx,512,512,0.1
data/suitesparse_all//jan99jac120.mtx,1024,1024,0.2
data/suitesparse_all//jan99jac120sc.mtx,64,64,0.1
data/suitesparse_all//jan99jac120sc.mtx,256,256,0.1
data/suitesparse_all//jan99jac120sc.mtx,512,512,0.1
data/suitesparse_all//jan99jac120sc.mtx,1024,1024,0.2
data/suitesparse_all//jnlbrng1.mtx,64,64,0.001
data/suitesparse_all//jnlbrng1.mtx,256,256,-1.0
data/suitesparse_all//jnlbrng1.mtx,512,512,-1.0
data/suitesparse_all//jnlbrng1.mtx,1024,1024,0.001
data/suitesparse_all//k49_norm_10NN.mtx,64,64,0.4
data/suitesparse_all//k49_norm_10NN.mtx,256,256,0.01
data/suitesparse_all//k49_norm_10NN.mtx,512,512,0.001
data/suitesparse_all//k49_norm_10NN.mtx,1024,1024,0.001
data/suitesparse_all//kim1.mtx,64,64,0.4
data/suitesparse_all//kim1.mtx,256,256,-1.0
data/suitesparse_all//kim1.mtx,512,512,-1.0
data/suitesparse_all//kim1.mtx,1024,1024,-1.0
data/suitesparse_all//kron_g500-logn16.mtx,64,64,0.001
data/suitesparse_all//kron_g500-logn16.mtx,256,256,0.6
data/suitesparse_all//kron_g500-logn16.mtx,512,512,0.2
data/suitesparse_all//kron_g500-logn16.mtx,1024,1024,0.01
data/suitesparse_all//laminar_duct3D.mtx,64,64,-1.0
data/suitesparse_all//laminar_duct3D.mtx,256,256,0.6
data/suitesparse_all//laminar_duct3D.mtx,512,512,-1.0
data/suitesparse_all//laminar_duct3D.mtx,1024,1024,-1.0
data/suitesparse_all//lhr34.mtx,64,64,-1.0
data/suitesparse_all//lhr34.mtx,256,256,-1.0
data/suitesparse_all//lhr34.mtx,512,512,-1.0
data/suitesparse_all//lhr34.mtx,1024,1024,0.6
data/suitesparse_all//lhr34c.mtx,64,64,-1.0
data/suitesparse_all//lhr34c.mtx,256,256,-1.0
data/suitesparse_all//lhr34c.mtx,512,512,-1.0
data/suitesparse_all//lhr34c.mtx,1024,1024,0.6
data/suitesparse_all//lhr71.mtx,64,64,-1.0
data/suitesparse_all//lhr71.mtx,256,256,-1.0
data/suitesparse_all//lhr71.mtx,512,512,-1.0
data/suitesparse_all//lhr71.mtx,1024,1024,0.2
data/suitesparse_all//lhr71c.mtx,64,64,-1.0
data/suitesparse_all//lhr71c.mtx,256,256,-1.0
data/suitesparse_all//lhr71c.mtx,512,512,-1.0
data/suitesparse_all//lhr71c.mtx,1024,1024,0.2
data/suitesparse_all//li.mtx,64,64,-1.0
data/suitesparse_all//li.mtx,256,256,-1.0
data/suitesparse_all//li.mtx,512,512,-1.0
data/suitesparse_all//li.mtx,1024,1024,-1.0
data/suitesparse_all//light_in_tissue.mtx,64,64,0.6
data/suitesparse_all//light_in_tissue.mtx,256,256,0.4
data/suitesparse_all//light_in_tissue.mtx,512,512,0.01
data/suitesparse_all//light_in_tissue.mtx,1024,1024,0.4
data/suitesparse_all//loc-Brightkite.mtx,64,64,0.2
data/suitesparse_all//loc-Brightkite.mtx,256,256,0.1
data/suitesparse_all//loc-Brightkite.mtx,512,512,-1.0
data/suitesparse_all//loc-Brightkite.mtx,1024,1024,-1.0
data/suitesparse_all//lpl1.mtx,64,64,-1.0
data/suitesparse_all//lpl1.mtx,256,256,-1.0
data/suitesparse_all//lpl1.mtx,512,512,-1.0
data/suitesparse_all//lpl1.mtx,1024,1024,-1.0
data/suitesparse_all//m_t1.mtx,64,64,-1.0
data/suitesparse_all//m_t1.mtx,256,256,-1.0
data/suitesparse_all//m_t1.mtx,512,512,-1.0
data/suitesparse_all//m_t1.mtx,1024,1024,-1.0
data/suitesparse_all//mark3jac060.mtx,64,64,0.2
data/suitesparse_all//mark3jac060.mtx,256,256,0.001
data/suitesparse_all//mark3jac060.mtx,512,512,0.001
data/suitesparse_all//mark3jac060.mtx,1024,1024,0.1
data/suitesparse_all//mark3jac060sc.mtx,64,64,0.2
data/suitesparse_all//mark3jac060sc.mtx,256,256,0.001
data/suitesparse_all//mark3jac060sc.mtx,512,512,0.001
data/suitesparse_all//mark3jac060sc.mtx,1024,1024,0.1
data/suitesparse_all//mark3jac080.mtx,64,64,0.2
data/suitesparse_all//mark3jac080.mtx,256,256,0.001
data/suitesparse_all//mark3jac080.mtx,512,512,0.001
data/suitesparse_all//mark3jac080.mtx,1024,1024,0.2
data/suitesparse_all//mark3jac080sc.mtx,64,64,0.2
data/suitesparse_all//mark3jac080sc.mtx,256,256,0.001
data/suitesparse_all//mark3jac080sc.mtx,512,512,0.001
data/suitesparse_all//mark3jac080sc.mtx,1024,1024,0.2
data/suitesparse_all//mark3jac100.mtx,64,64,0.2
data/suitesparse_all//mark3jac100.mtx,256,256,0.001
data/suitesparse_all//mark3jac100.mtx,512,512,0.001
data/suitesparse_all//mark3jac100.mtx,1024,1024,0.4
data/suitesparse_all//mark3jac100sc.mtx,64,64,0.2
data/suitesparse_all//mark3jac100sc.mtx,256,256,0.001
data/suitesparse_all//mark3jac100sc.mtx,512,512,0.001
data/suitesparse_all//mark3jac100sc.mtx,1024,1024,0.4
data/suitesparse_all//mark3jac120.mtx,64,64,0.2
data/suitesparse_all//mark3jac120.mtx,256,256,0.001
data/suitesparse_all//mark3jac120.mtx,512,512,0.001
data/suitesparse_all//mark3jac120.mtx,1024,1024,0.2
data/suitesparse_all//mark3jac120sc.mtx,64,64,0.2
data/suitesparse_all//mark3jac120sc.mtx,256,256,0.001
data/suitesparse_all//mark3jac120sc.mtx,512,512,0.001
data/suitesparse_all//mark3jac120sc.mtx,1024,1024,0.2
data/suitesparse_all//mark3jac140.mtx,64,64,0.2
data/suitesparse_all//mark3jac140.mtx,256,256,0.001
data/suitesparse_all//mark3jac140.mtx,512,512,0.001
data/suitesparse_all//mark3jac140.mtx,1024,1024,0.4
data/suitesparse_all//mark3jac140sc.mtx,64,64,0.2
data/suitesparse_all//mark3jac140sc.mtx,256,256,0.001
data/suitesparse_all//mark3jac140sc.mtx,512,512,0.001
data/suitesparse_all//mark3jac140sc.mtx,1024,1024,0.4
data/suitesparse_all//matrix_9.mtx,64,64,-1.0
data/suitesparse_all//matrix_9.mtx,256,256,-1.0
data/suitesparse_all//matrix_9.mtx,512,512,-1.0
data/suitesparse_all//matrix_9.mtx,1024,1024,-1.0
data/suitesparse_all//minsurfo.mtx,64,64,0.01
data/suitesparse_all//minsurfo.mtx,256,256,-1.0
data/suitesparse_all//minsurfo.mtx,512,512,-1.0
data/suitesparse_all//minsurfo.mtx,1024,1024,0.001
data/suitesparse_all//mip1.mtx,64,64,0.8
data/suitesparse_all//mip1.mtx,256,256,-1.0
data/suitesparse_all//mip1.mtx,512,512,-1.0
data/suitesparse_all//mip1.mtx,1024,1024,-1.0
data/suitesparse_all//mixtank_new.mtx,64,64,0.1
data/suitesparse_all//mixtank_new.mtx,256,256,0.001
data/suitesparse_all//mixtank_new.mtx,512,512,0.001
data/suitesparse_all//mixtank_new.mtx,1024,1024,0.1
data/suitesparse_all//mosfet2.mtx,64,64,-1.0
data/suitesparse_all//mosfet2.mtx,256,256,-1.0
data/suitesparse_all//mosfet2.mtx,512,512,-1.0
data/suitesparse_all//mosfet2.mtx,1024,1024,-1.0
data/suitesparse_all//msc23052.mtx,64,64,0.2
data/suitesparse_all//msc23052.mtx,256,256,0.2
data/suitesparse_all//msc23052.mtx,512,512,-1.0
data/suitesparse_all//msc23052.mtx,1024,1024,-1.0
data/suitesparse_all//mult_dcop_01.mtx,64,64,0.1
data/suitesparse_all//mult_dcop_01.mtx,256,256,0.001
data/suitesparse_all//mult_dcop_01.mtx,512,512,0.1
data/suitesparse_all//mult_dcop_01.mtx,1024,1024,0.001
data/suitesparse_all//mult_dcop_02.mtx,64,64,0.1
data/suitesparse_all//mult_dcop_02.mtx,256,256,0.001
data/suitesparse_all//mult_dcop_02.mtx,512,512,0.1
data/suitesparse_all//mult_dcop_02.mtx,1024,1024,0.001
data/suitesparse_all//mult_dcop_03.mtx,64,64,0.2
data/suitesparse_all//mult_dcop_03.mtx,256,256,0.001
data/suitesparse_all//mult_dcop_03.mtx,512,512,0.01
data/suitesparse_all//mult_dcop_03.mtx,1024,1024,0.001
data/suitesparse_all//mycielskian15.mtx,64,64,0.2
data/suitesparse_all//mycielskian15.mtx,256,256,0.2
data/suitesparse_all//mycielskian15.mtx,512,512,0.001
data/suitesparse_all//mycielskian15.mtx,1024,1024,0.4
data/suitesparse_all//mycielskian16.mtx,64,64,0.2
data/suitesparse_all//mycielskian16.mtx,256,256,0.1
data/suitesparse_all//mycielskian16.mtx,512,512,0.001
data/suitesparse_all//mycielskian16.mtx,1024,1024,0.1
data/suitesparse_all//mycielskian17.mtx,64,64,0.2
data/suitesparse_all//mycielskian17.mtx,256,256,0.2
data/suitesparse_all//mycielskian17.mtx,512,512,0.1
data/suitesparse_all//mycielskian17.mtx,1024,1024,0.2
data/suitesparse_all//nasasrb.mtx,64,64,-1.0
data/suitesparse_all//nasasrb.mtx,256,256,0.4
data/suitesparse_all//nasasrb.mtx,512,512,0.6
data/suitesparse_all//nasasrb.mtx,1024,1024,-1.0
data/suitesparse_all//ncvxbqp1.mtx,64,64,-1.0
data/suitesparse_all//ncvxbqp1.mtx,256,256,-1.0
data/suitesparse_all//ncvxbqp1.mtx,512,512,-1.0
data/suitesparse_all//ncvxbqp1.mtx,1024,1024,-1.0
data/suitesparse_all//ncvxqp5.mtx,64,64,-1.0
data/suitesparse_all//ncvxqp5.mtx,256,256,-1.0
data/suitesparse_all//ncvxqp5.mtx,512,512,-1.0
data/suitesparse_all//ncvxqp5.mtx,1024,1024,-1.0
data/suitesparse_all//nd12k.mtx,64,64,0.4
data/suitesparse_all//nd12k.mtx,256,256,0.1
data/suitesparse_all//nd12k.mtx,512,512,0.1
data/suitesparse_all//nd12k.mtx,1024,1024,0.1
data/suitesparse_all//nd24k.mtx,64,64,0.4
data/suitesparse_all//nd24k.mtx,256,256,0.1
data/suitesparse_all//nd24k.mtx,512,512,0.1
data/suitesparse_all//nd24k.mtx,1024,1024,0.1
data/suitesparse_all//net100.mtx,64,64,0.6
data/suitesparse_all//net100.mtx,256,256,0.6
data/suitesparse_all//net100.mtx,512,512,0.6
data/suitesparse_all//net100.mtx,1024,1024,0.8
data/suitesparse_all//net125.mtx,64,64,0.6
data/suitesparse_all//net125.mtx,256,256,0.6
data/suitesparse_all//net125.mtx,512,512,0.6
data/suitesparse_all//net125.mtx,1024,1024,0.6
data/suitesparse_all//net150.mtx,64,64,0.6
data/suitesparse_all//net150.mtx,256,256,0.6
data/suitesparse_all//net150.mtx,512,512,0.6
data/suitesparse_all//net150.mtx,1024,1024,0.6
data/suitesparse_all//net4-1.mtx,64,64,0.6
data/suitesparse_all//net4-1.mtx,256,256,-1.0
data/suitesparse_all//net4-1.mtx,512,512,-1.0
data/suitesparse_all//net4-1.mtx,1024,1024,-1.0
data/suitesparse_all//net75.mtx,64,64,0.6
data/suitesparse_all//net75.mtx,256,256,0.6
data/suitesparse_all//net75.mtx,512,512,0.8
data/suitesparse_all//net75.mtx,1024,1024,-1.0
data/suitesparse_all//nh2010.mtx,64,64,0.2
data/suitesparse_all//nh2010.mtx,256,256,-1.0
data/suitesparse_all//nh2010.mtx,512,512,-1.0
data/suitesparse_all//nh2010.mtx,1024,1024,0.001
data/suitesparse_all//ns3Da.mtx,64,64,0.1
data/suitesparse_all//ns3Da.mtx,256,256,-1.0
data/suitesparse_all//ns3Da.mtx,512,512,0.001
data/suitesparse_all//ns3Da.mtx,1024,1024,-1.0
data/suitesparse_all//nv1.mtx,64,64,-1.0
data/suitesparse_all//nv1.mtx,256,256,-1.0
data/suitesparse_all//nv1.mtx,512,512,-1.0
data/suitesparse_all//nv1.mtx,1024,1024,-1.0
data/suitesparse_all//obstclae.mtx,64,64,0.6
data/suitesparse_all//obstclae.mtx,256,256,-1.0
data/suitesparse_all//obstclae.mtx,512,512,-1.0
data/suitesparse_all//obstclae.mtx,1024,1024,0.001
data/suitesparse_all//oilpan.mtx,64,64,0.6
data/suitesparse_all//oilpan.mtx,256,256,-1.0
data/suitesparse_all//oilpan.mtx,512,512,-1.0
data/suitesparse_all//oilpan.mtx,1024,1024,0.6
data/suitesparse_all//onetone1.mtx,64,64,0.2
data/suitesparse_all//onetone1.mtx,256,256,0.001
data/suitesparse_all//onetone1.mtx,512,512,0.1
data/suitesparse_all//onetone1.mtx,1024,1024,0.2
data/suitesparse_all//onetone2.mtx,64,64,0.2
data/suitesparse_all//onetone2.mtx,256,256,0.2
data/suitesparse_all//onetone2.mtx,512,512,0.1
data/suitesparse_all//onetone2.mtx,1024,1024,0.2
data/suitesparse_all//p2p-Gnutella24.mtx,64,64,0.2
data/suitesparse_all//p2p-Gnutella24.mtx,256,256,0.001
data/suitesparse_all//p2p-Gnutella24.mtx,512,512,0.1
data/suitesparse_all//p2p-Gnutella24.mtx,1024,1024,0.001
data/suitesparse_all//p2p-Gnutella25.mtx,64,64,0.2
data/suitesparse_all//p2p-Gnutella25.mtx,256,256,0.01
data/suitesparse_all//p2p-Gnutella25.mtx,512,512,0.001
data/suitesparse_all//p2p-Gnutella25.mtx,1024,1024,0.001
data/suitesparse_all//pcrystk03.mtx,64,64,0.4
data/suitesparse_all//pcrystk03.mtx,256,256,0.2
data/suitesparse_all//pcrystk03.mtx,512,512,0.2
data/suitesparse_all//pcrystk03.mtx,1024,1024,-1.0
data/suitesparse_all//pct20stif.mtx,64,64,-1.0
data/suitesparse_all//pct20stif.mtx,256,256,-1.0
data/suitesparse_all//pct20stif.mtx,512,512,-1.0
data/suitesparse_all//pct20stif.mtx,1024,1024,-1.0
data/suitesparse_all//pdb1HYS.mtx,64,64,-1.0
data/suitesparse_all//pdb1HYS.mtx,256,256,-1.0
data/suitesparse_all//pdb1HYS.mtx,512,512,-1.0
data/suitesparse_all//pdb1HYS.mtx,1024,1024,-1.0
data/suitesparse_all//pfinan512.mtx,64,64,-1.0
data/suitesparse_all//pfinan512.mtx,256,256,0.4
data/suitesparse_all//pfinan512.mtx,512,512,0.2
data/suitesparse_all//pfinan512.mtx,1024,1024,0.2
data/suitesparse_all//pkustk01.mtx,64,64,0.8
data/suitesparse_all//pkustk01.mtx,256,256,-1.0
data/suitesparse_all//pkustk01.mtx,512,512,-1.0
data/suitesparse_all//pkustk01.mtx,1024,1024,-1.0
data/suitesparse_all//pkustk03.mtx,64,64,0.2
data/suitesparse_all//pkustk03.mtx,256,256,-1.0
data/suitesparse_all//pkustk03.mtx,512,512,-1.0
data/suitesparse_all//pkustk03.mtx,1024,1024,-1.0
data/suitesparse_all//pkustk04.mtx,64,64,-1.0
data/suitesparse_all//pkustk04.mtx,256,256,-1.0
data/suitesparse_all//pkustk04.mtx,512,512,-1.0
data/suitesparse_all//pkustk04.mtx,1024,1024,-1.0
data/suitesparse_all//pkustk05.mtx,64,64,0.8
data/suitesparse_all//pkustk05.mtx,256,256,-1.0
data/suitesparse_all//pkustk05.mtx,512,512,-1.0
data/suitesparse_all//pkustk05.mtx,1024,1024,-1.0
data/suitesparse_all//pkustk06.mtx,64,64,0.8
data/suitesparse_all//pkustk06.mtx,256,256,-1.0
data/suitesparse_all//pkustk06.mtx,512,512,-1.0
data/suitesparse_all//pkustk06.mtx,1024,1024,-1.0
data/suitesparse_all//pkustk08.mtx,64,64,0.2
data/suitesparse_all//pkustk08.mtx,256,256,-1.0
data/suitesparse_all//pkustk08.mtx,512,512,-1.0
data/suitesparse_all//pkustk08.mtx,1024,1024,-1.0
data/suitesparse_all//pkustk09.mtx,64,64,0.2
data/suitesparse_all//pkustk09.mtx,256,256,-1.0
data/suitesparse_all//pkustk09.mtx,512,512,-1.0
data/suitesparse_all//pkustk09.mtx,1024,1024,-1.0
data/suitesparse_all//pkustk10.mtx,64,64,0.2
data/suitesparse_all//pkustk10.mtx,256,256,-1.0
data/suitesparse_all//pkustk10.mtx,512,512,-1.0
data/suitesparse_all//pkustk10.mtx,1024,1024,-1.0
data/suitesparse_all//pkustk11.mtx,64,64,0.8
data/suitesparse_all//pkustk11.mtx,256,256,-1.0
data/suitesparse_all//pkustk11.mtx,512,512,-1.0
data/suitesparse_all//pkustk11.mtx,1024,1024,-1.0
data/suitesparse_all//pkustk12.mtx,64,64,0.2
data/suitesparse_all//pkustk12.mtx,256,256,-1.0
data/suitesparse_all//pkustk12.mtx,512,512,-1.0
data/suitesparse_all//pkustk12.mtx,1024,1024,-1.0
data/suitesparse_all//pkustk13.mtx,64,64,-1.0
data/suitesparse_all//pkustk13.mtx,256,256,-1.0
data/suitesparse_all//pkustk13.mtx,512,512,-1.0
data/suitesparse_all//pkustk13.mtx,1024,1024,-1.0
data/suitesparse_all//pli.mtx,64,64,-1.0
data/suitesparse_all//pli.mtx,256,256,-1.0
data/suitesparse_all//pli.mtx,512,512,-1.0
data/suitesparse_all//pli.mtx,1024,1024,-1.0
data/suitesparse_all//poisson3Db.mtx,64,64,0.2
data/suitesparse_all//poisson3Db.mtx,256,256,-1.0
data/suitesparse_all//poisson3Db.mtx,512,512,-1.0
data/suitesparse_all//poisson3Db.mtx,1024,1024,-1.0
data/suitesparse_all//preferentialAttachment.mtx,64,64,0.1
data/suitesparse_all//preferentialAttachment.mtx,256,256,0.001
data/suitesparse_all//preferentialAttachment.mtx,512,512,0.001
data/suitesparse_all//preferentialAttachment.mtx,1024,1024,0.001
data/suitesparse_all//pwt.mtx,64,64,-1.0
data/suitesparse_all//pwt.mtx,256,256,-1.0
data/suitesparse_all//pwt.mtx,512,512,-1.0
data/suitesparse_all//pwt.mtx,1024,1024,0.8
data/suitesparse_all//qa8fk.mtx,64,64,0.6
data/suitesparse_all//qa8fk.mtx,256,256,0.4
data/suitesparse_all//qa8fk.mtx,512,512,0.4
data/suitesparse_all//qa8fk.mtx,1024,1024,0.2
data/suitesparse_all//qa8fm.mtx,64,64,0.6
data/suitesparse_all//qa8fm.mtx,256,256,0.4
data/suitesparse_all//qa8fm.mtx,512,512,0.4
data/suitesparse_all//qa8fm.mtx,1024,1024,0.2
data/suitesparse_all//raefsky3.mtx,64,64,0.4
data/suitesparse_all//raefsky3.mtx,256,256,-1.0
data/suitesparse_all//raefsky3.mtx,512,512,-1.0
data/suitesparse_all//raefsky3.mtx,1024,1024,-1.0
data/suitesparse_all//rail_20209.mtx,64,64,-1.0
data/suitesparse_all//rail_20209.mtx,256,256,-1.0
data/suitesparse_all//rail_20209.mtx,512,512,0.01
data/suitesparse_all//rail_20209.mtx,1024,1024,0.001
data/suitesparse_all//rajat09.mtx,64,64,-1.0
data/suitesparse_all//rajat09.mtx,256,256,0.4
data/suitesparse_all//rajat09.mtx,512,512,0.2
data/suitesparse_all//rajat09.mtx,1024,1024,0.2
data/suitesparse_all//rajat10.mtx,64,64,-1.0
data/suitesparse_all//rajat10.mtx,256,256,0.4
data/suitesparse_all//rajat10.mtx,512,512,0.2
data/suitesparse_all//rajat10.mtx,1024,1024,0.2
data/suitesparse_all//rajat15.mtx,64,64,0.2
data/suitesparse_all//rajat15.mtx,256,256,0.2
data/suitesparse_all//rajat15.mtx,512,512,-1.0
data/suitesparse_all//rajat15.mtx,1024,1024,-1.0
data/suitesparse_all//rajat22.mtx,64,64,0.6
data/suitesparse_all//rajat22.mtx,256,256,0.6
data/suitesparse_all//rajat22.mtx,512,512,0.001
data/suitesparse_all//rajat22.mtx,1024,1024,0.4
data/suitesparse_all//rajat27.mtx,64,64,0.4
data/suitesparse_all//rajat27.mtx,256,256,0.2
data/suitesparse_all//rajat27.mtx,512,512,0.01
data/suitesparse_all//rajat27.mtx,1024,1024,0.001
data/suitesparse_all//rgg_n_2_15_s0.mtx,64,64,-1.0
data/suitesparse_all//rgg_n_2_15_s0.mtx,256,256,-1.0
data/suitesparse_all//rgg_n_2_15_s0.mtx,512,512,0.2
data/suitesparse_all//rgg_n_2_15_s0.mtx,1024,1024,-1.0
data/suitesparse_all//rgg_n_2_16_s0.mtx,64,64,-1.0
data/suitesparse_all//rgg_n_2_16_s0.mtx,256,256,-1.0
data/suitesparse_all//rgg_n_2_16_s0.mtx,512,512,-1.0
data/suitesparse_all//rgg_n_2_16_s0.mtx,1024,1024,0.4
data/suitesparse_all//ri2010.mtx,64,64,0.2
data/suitesparse_all//ri2010.mtx,256,256,-1.0
data/suitesparse_all//ri2010.mtx,512,512,-1.0
data/suitesparse_all//ri2010.mtx,1024,1024,0.1
data/suitesparse_all//rim.mtx,64,64,-1.0
data/suitesparse_all//rim.mtx,256,256,-1.0
data/suitesparse_all//rim.mtx,512,512,0.001
data/suitesparse_all//rim.mtx,1024,1024,0.001
data/suitesparse_all//rma10.mtx,64,64,-1.0
data/suitesparse_all//rma10.mtx,256,256,-1.0
data/suitesparse_all//rma10.mtx,512,512,-1.0
data/suitesparse_all//rma10.mtx,1024,1024,-1.0
data/suitesparse_all//s3dkq4m2.mtx,64,64,0.6
data/suitesparse_all//s3dkq4m2.mtx,256,256,-1.0
data/suitesparse_all//s3dkq4m2.mtx,512,512,-1.0
data/suitesparse_all//s3dkq4m2.mtx,1024,1024,-1.0
data/suitesparse_all//s3dkt3m2.mtx,64,64,0.6
data/suitesparse_all//s3dkt3m2.mtx,256,256,-1.0
data/suitesparse_all//s3dkt3m2.mtx,512,512,-1.0
data/suitesparse_all//s3dkt3m2.mtx,1024,1024,-1.0
data/suitesparse_all//s4dkt3m2.mtx,64,64,0.6
data/suitesparse_all//s4dkt3m2.mtx,256,256,-1.0
data/suitesparse_all//s4dkt3m2.mtx,512,512,-1.0
data/suitesparse_all//s4dkt3m2.mtx,1024,1024,-1.0
data/suitesparse_all//se.mtx,64,64,0.8
data/suitesparse_all//se.mtx,256,256,0.8
data/suitesparse_all//se.mtx,512,512,0.8
data/suitesparse_all//se.mtx,1024,1024,0.8
data/suitesparse_all//ship_001.mtx,64,64,0.2
data/suitesparse_all//ship_001.mtx,256,256,-1.0
data/suitesparse_all//ship_001.mtx,512,512,-1.0
data/suitesparse_all//ship_001.mtx,1024,1024,-1.0
data/suitesparse_all//shock-9.mtx,64,64,0.6
data/suitesparse_all//shock-9.mtx,256,256,0.8
data/suitesparse_all//shock-9.mtx,512,512,0.6
data/suitesparse_all//shock-9.mtx,1024,1024,-1.0
data/suitesparse_all//smallworld.mtx,64,64,0.1
data/suitesparse_all//smallworld.mtx,256,256,0.1
data/suitesparse_all//smallworld.mtx,512,512,0.1
data/suitesparse_all//smallworld.mtx,1024,1024,0.01
data/suitesparse_all//sme3Db.mtx,64,64,0.1
data/suitesparse_all//sme3Db.mtx,256,256,0.001
data/suitesparse_all//sme3Db.mtx,512,512,0.1
data/suitesparse_all//sme3Db.mtx,1024,1024,0.001
data/suitesparse_all//sme3Dc.mtx,64,64,0.1
data/suitesparse_all//sme3Dc.mtx,256,256,0.1
data/suitesparse_all//sme3Dc.mtx,512,512,-1.0
data/suitesparse_all//sme3Dc.mtx,1024,1024,0.001
data/suitesparse_all//smt.mtx,64,64,0.2
data/suitesparse_all//smt.mtx,256,256,-1.0
data/suitesparse_all//smt.mtx,512,512,-1.0
data/suitesparse_all//smt.mtx,1024,1024,-1.0
data/suitesparse_all//soc-Slashdot0811.mtx,64,64,0.1
data/suitesparse_all//soc-Slashdot0811.mtx,256,256,0.8
data/suitesparse_all//soc-Slashdot0811.mtx,512,512,0.001
data/suitesparse_all//soc-Slashdot0811.mtx,1024,1024,0.01
data/suitesparse_all//soc-Slashdot0902.mtx,64,64,0.1
data/suitesparse_all//soc-Slashdot0902.mtx,256,256,0.01
data/suitesparse_all//soc-Slashdot0902.mtx,512,512,0.001
data/suitesparse_all//soc-Slashdot0902.mtx,1024,1024,0.1
data/suitesparse_all//sparsine.mtx,64,64,-1.0
data/suitesparse_all//sparsine.mtx,256,256,-1.0
data/suitesparse_all//sparsine.mtx,512,512,-1.0
data/suitesparse_all//sparsine.mtx,1024,1024,-1.0
data/suitesparse_all//spmsrtls.mtx,64,64,0.001
data/suitesparse_all//spmsrtls.mtx,256,256,0.001
data/suitesparse_all//spmsrtls.mtx,512,512,0.001
data/suitesparse_all//spmsrtls.mtx,1024,1024,0.001
data/suitesparse_all//srb1.mtx,64,64,0.6
data/suitesparse_all//srb1.mtx,256,256,-1.0
data/suitesparse_all//srb1.mtx,512,512,-1.0
data/suitesparse_all//srb1.mtx,1024,1024,0.001
data/suitesparse_all//std1_Jac2.mtx,64,64,0.6
data/suitesparse_all//std1_Jac2.mtx,256,256,-1.0
data/suitesparse_all//std1_Jac2.mtx,512,512,-1.0
data/suitesparse_all//std1_Jac2.mtx,1024,1024,-1.0
data/suitesparse_all//std1_Jac2_db.mtx,64,64,-1.0
data/suitesparse_all//std1_Jac2_db.mtx,256,256,-1.0
data/suitesparse_all//std1_Jac2_db.mtx,512,512,-1.0
data/suitesparse_all//std1_Jac2_db.mtx,1024,1024,-1.0
data/suitesparse_all//std1_Jac3.mtx,64,64,0.8
data/suitesparse_all//std1_Jac3.mtx,256,256,-1.0
data/suitesparse_all//std1_Jac3.mtx,512,512,-1.0
data/suitesparse_all//std1_Jac3.mtx,1024,1024,-1.0
data/suitesparse_all//std1_Jac3_db.mtx,64,64,-1.0
data/suitesparse_all//std1_Jac3_db.mtx,256,256,-1.0
data/suitesparse_all//std1_Jac3_db.mtx,512,512,-1.0
data/suitesparse_all//std1_Jac3_db.mtx,1024,1024,-1.0
data/suitesparse_all//stokes128.mtx,64,64,0.6
data/suitesparse_all//stokes128.mtx,256,256,-1.0
data/suitesparse_all//stokes128.mtx,512,512,0.4
data/suitesparse_all//stokes128.mtx,1024,1024,0.4
data/suitesparse_all//struct3.mtx,64,64,0.4
data/suitesparse_all//struct3.mtx,256,256,-1.0
data/suitesparse_all//struct3.mtx,512,512,-1.0
data/suitesparse_all//struct3.mtx,1024,1024,-1.0
data/suitesparse_all//stufe-10.mtx,64,64,0.8
data/suitesparse_all//stufe-10.mtx,256,256,-1.0
data/suitesparse_all//stufe-10.mtx,512,512,0.01
data/suitesparse_all//stufe-10.mtx,1024,1024,0.001
data/suitesparse_all//sx-mathoverflow.mtx,64,64,0.1
data/suitesparse_all//sx-mathoverflow.mtx,256,256,0.2
data/suitesparse_all//sx-mathoverflow.mtx,512,512,0.001
data/suitesparse_all//sx-mathoverflow.mtx,1024,1024,0.001
data/suitesparse_all//t3dh.mtx,64,64,-1.0
data/suitesparse_all//t3dh.mtx,256,256,-1.0
data/suitesparse_all//t3dh.mtx,512,512,-1.0
data/suitesparse_all//t3dh.mtx,1024,1024,-1.0
data/suitesparse_all//t3dh_a.mtx,64,64,-1.0
data/suitesparse_all//t3dh_a.mtx,256,256,-1.0
data/suitesparse_all//t3dh_a.mtx,512,512,-1.0
data/suitesparse_all//t3dh_a.mtx,1024,1024,-1.0
data/suitesparse_all//t3dh_e.mtx,64,64,-1.0
data/suitesparse_all//t3dh_e.mtx,256,256,-1.0
data/suitesparse_all//t3dh_e.mtx,512,512,-1.0
data/suitesparse_all//t3dh_e.mtx,1024,1024,-1.0
data/suitesparse_all//t3dl.mtx,64,64,-1.0
data/suitesparse_all//t3dl.mtx,256,256,-1.0
data/suitesparse_all//t3dl.mtx,512,512,-1.0
data/suitesparse_all//t3dl.mtx,1024,1024,-1.0
data/suitesparse_all//t3dl_a.mtx,64,64,-1.0
data/suitesparse_all//t3dl_a.mtx,256,256,-1.0
data/suitesparse_all//t3dl_a.mtx,512,512,-1.0
data/suitesparse_all//t3dl_a.mtx,1024,1024,-1.0
data/suitesparse_all//thread.mtx,64,64,-1.0
data/suitesparse_all//thread.mtx,256,256,-1.0
data/suitesparse_all//thread.mtx,512,512,-1.0
data/suitesparse_all//thread.mtx,1024,1024,0.001
data/suitesparse_all//torsion1.mtx,64,64,0.6
data/suitesparse_all//torsion1.mtx,256,256,-1.0
data/suitesparse_all//torsion1.mtx,512,512,-1.0
data/suitesparse_all//torsion1.mtx,1024,1024,0.001
data/suitesparse_all//trdheim.mtx,64,64,0.6
data/suitesparse_all//trdheim.mtx,256,256,-1.0
data/suitesparse_all//trdheim.mtx,512,512,-1.0
data/suitesparse_all//trdheim.mtx,1024,1024,-1.0
data/suitesparse_all//tsyl201.mtx,64,64,0.1
data/suitesparse_all//tsyl201.mtx,256,256,0.001
data/suitesparse_all//tsyl201.mtx,512,512,0.001
data/suitesparse_all//tsyl201.mtx,1024,1024,0.01
data/suitesparse_all//tube1.mtx,64,64,-1.0
data/suitesparse_all//tube1.mtx,256,256,-1.0
data/suitesparse_all//tube1.mtx,512,512,0.6
data/suitesparse_all//tube1.mtx,1024,1024,-1.0
data/suitesparse_all//tube2.mtx,64,64,0.6
data/suitesparse_all//tube2.mtx,256,256,0.8
data/suitesparse_all//tube2.mtx,512,512,-1.0
data/suitesparse_all//tube2.mtx,1024,1024,-1.0
data/suitesparse_all//vanbody.mtx,64,64,-1.0
data/suitesparse_all//vanbody.mtx,256,256,-1.0
data/suitesparse_all//vanbody.mtx,512,512,-1.0
data/suitesparse_all//vanbody.mtx,1024,1024,-1.0
data/suitesparse_all//venkat01.mtx,64,64,0.2
data/suitesparse_all//venkat01.mtx,256,256,0.001
data/suitesparse_all//venkat01.mtx,512,512,0.01
data/suitesparse_all//venkat01.mtx,1024,1024,0.2
data/suitesparse_all//venkat25.mtx,64,64,0.2
data/suitesparse_all//venkat25.mtx,256,256,0.001
data/suitesparse_all//venkat25.mtx,512,512,0.01
data/suitesparse_all//venkat25.mtx,1024,1024,0.2
data/suitesparse_all//venkat50.mtx,64,64,0.2
data/suitesparse_all//venkat50.mtx,256,256,0.001
data/suitesparse_all//venkat50.mtx,512,512,0.01
data/suitesparse_all//venkat50.mtx,1024,1024,0.2
data/suitesparse_all//vfem.mtx,64,64,-1.0
data/suitesparse_all//vfem.mtx,256,256,-1.0
data/suitesparse_all//vfem.mtx,512,512,-1.0
data/suitesparse_all//vfem.mtx,1024,1024,-1.0
data/suitesparse_all//viscoplastic2.mtx,64,64,-1.0
data/suitesparse_all//viscoplastic2.mtx,256,256,-1.0
data/suitesparse_all//viscoplastic2.mtx,512,512,-1.0
data/suitesparse_all//viscoplastic2.mtx,1024,1024,-1.0
data/suitesparse_all//viscorocks.mtx,64,64,0.4
data/suitesparse_all//viscorocks.mtx,256,256,-1.0
data/suitesparse_all//viscorocks.mtx,512,512,-1.0
data/suitesparse_all//viscorocks.mtx,1024,1024,0.001
data/suitesparse_all//vsp_barth5_1Ksep_50in_5Kout.mtx,64,64,0.1
data/suitesparse_all//vsp_barth5_1Ksep_50in_5Kout.mtx,256,256,0.01
data/suitesparse_all//vsp_barth5_1Ksep_50in_5Kout.mtx,512,512,0.01
data/suitesparse_all//vsp_barth5_1Ksep_50in_5Kout.mtx,1024,1024,0.01
data/suitesparse_all//vsp_bcsstk30_500sep_10in_1Kout.mtx,64,64,0.01
data/suitesparse_all//vsp_bcsstk30_500sep_10in_1Kout.mtx,256,256,0.001
data/suitesparse_all//vsp_bcsstk30_500sep_10in_1Kout.mtx,512,512,-1.0
data/suitesparse_all//vsp_bcsstk30_500sep_10in_1Kout.mtx,1024,1024,0.01
data/suitesparse_all//vsp_bump2_e18_aa01_model1_crew1.mtx,64,64,0.2
data/suitesparse_all//vsp_bump2_e18_aa01_model1_crew1.mtx,256,256,-1.0
data/suitesparse_all//vsp_bump2_e18_aa01_model1_crew1.mtx,512,512,-1.0
data/suitesparse_all//vsp_bump2_e18_aa01_model1_crew1.mtx,1024,1024,-1.0
data/suitesparse_all//vsp_msc10848_300sep_100in_1Kout.mtx,64,64,0.2
data/suitesparse_all//vsp_msc10848_300sep_100in_1Kout.mtx,256,256,-1.0
data/suitesparse_all//vsp_msc10848_300sep_100in_1Kout.mtx,512,512,0.001
data/suitesparse_all//vsp_msc10848_300sep_100in_1Kout.mtx,1024,1024,-1.0
data/suitesparse_all//vsp_sctap1-2b_and_seymourl.mtx,64,64,-1.0
data/suitesparse_all//vsp_sctap1-2b_and_seymourl.mtx,256,256,-1.0
data/suitesparse_all//vsp_sctap1-2b_and_seymourl.mtx,512,512,-1.0
data/suitesparse_all//vsp_sctap1-2b_and_seymourl.mtx,1024,1024,-1.0
data/suitesparse_all//vsp_south31_slptsk.mtx,64,64,0.2
data/suitesparse_all//vsp_south31_slptsk.mtx,256,256,0.2
data/suitesparse_all//vsp_south31_slptsk.mtx,512,512,0.1
data/suitesparse_all//vsp_south31_slptsk.mtx,1024,1024,0.01
data/suitesparse_all//vt2010.mtx,64,64,0.1
data/suitesparse_all//vt2010.mtx,256,256,-1.0
data/suitesparse_all//vt2010.mtx,512,512,0.2
data/suitesparse_all//vt2010.mtx,1024,1024,0.2
data/suitesparse_all//wang3.mtx,64,64,0.4
data/suitesparse_all//wang3.mtx,256,256,0.4
data/suitesparse_all//wang3.mtx,512,512,-1.0
data/suitesparse_all//wang3.mtx,1024,1024,-1.0
data/suitesparse_all//wang4.mtx,64,64,0.4
data/suitesparse_all//wang4.mtx,256,256,0.4
data/suitesparse_all//wang4.mtx,512,512,-1.0
data/suitesparse_all//wang4.mtx,1024,1024,-1.0
data/suitesparse_all//water_tank.mtx,64,64,-1.0
data/suitesparse_all//water_tank.mtx,256,256,0.6
data/suitesparse_all//water_tank.mtx,512,512,0.4
data/suitesparse_all//water_tank.mtx,1024,1024,-1.0
data/suitesparse_all//wathen100.mtx,64,64,0.6
data/suitesparse_all//wathen100.mtx,256,256,0.2
data/suitesparse_all//wathen100.mtx,512,512,-1.0
data/suitesparse_all//wathen100.mtx,1024,1024,-1.0
data/suitesparse_all//wathen120.mtx,64,64,0.6
data/suitesparse_all//wathen120.mtx,256,256,0.2
data/suitesparse_all//wathen120.mtx,512,512,-1.0
data/suitesparse_all//wathen120.mtx,1024,1024,-1.0
data/suitesparse_all//waveguide3D.mtx,64,64,0.2
data/suitesparse_all//waveguide3D.mtx,256,256,0.2
data/suitesparse_all//waveguide3D.mtx,512,512,0.1
data/suitesparse_all//waveguide3D.mtx,1024,1024,0.1
data/suitesparse_all//windscreen.mtx,64,64,0.6
data/suitesparse_all//windscreen.mtx,256,256,-1.0
data/suitesparse_all//windscreen.mtx,512,512,0.4
data/suitesparse_all//windscreen.mtx,1024,1024,-1.0
data/suitesparse_all//windtunnel_evap3d.mtx,64,64,0.1
data/suitesparse_all//windtunnel_evap3d.mtx,256,256,0.6
data/suitesparse_all//windtunnel_evap3d.mtx,512,512,0.001
data/suitesparse_all//windtunnel_evap3d.mtx,1024,1024,0.01
data/suitesparse_all//worms20_10NN.mtx,64,64,0.2
data/suitesparse_all//worms20_10NN.mtx,256,256,0.001
data/suitesparse_all//worms20_10NN.mtx,512,512,0.001
data/suitesparse_all//worms20_10NN.mtx,1024,1024,0.001
data/suitesparse_all//xenon1.mtx,64,64,0.2
data/suitesparse_all//xenon1.mtx,256,256,0.2
data/suitesparse_all//xenon1.mtx,512,512,0.8
data/suitesparse_all//xenon1.mtx,1024,1024,0.001
data/suitesparse_all//xingo3012.mtx,64,64,-1.0
data/suitesparse_all//xingo3012.mtx,256,256,-1.0
data/suitesparse_all//xingo3012.mtx,512,512,-1.0
data/suitesparse_all//xingo3012.mtx,1024,1024,0.6
data/suitesparse_big//144.mtx,64,64,0.1
data/suitesparse_big//144.mtx,256,256,0.1
data/suitesparse_big//144.mtx,512,512,-1.0
data/suitesparse_big//144.mtx,1024,1024,-1.0
data/suitesparse_big//598a.mtx,64,64,0.1
data/suitesparse_big//598a.mtx,256,256,-1.0
data/suitesparse_big//598a.mtx,512,512,-1.0
data/suitesparse_big//598a.mtx,1024,1024,-1.0
data/suitesparse_big//Dubcova3.mtx,64,64,0.1
data/suitesparse_big//Dubcova3.mtx,256,256,-1.0
data/suitesparse_big//Dubcova3.mtx,512,512,-1.0
data/suitesparse_big//Dubcova3.mtx,1024,1024,-1.0
data/suitesparse_big//FEM_3D_thermal2.mtx,64,64,0.6
data/suitesparse_big//FEM_3D_thermal2.mtx,256,256,0.2
data/suitesparse_big//FEM_3D_thermal2.mtx,512,512,0.001
data/suitesparse_big//FEM_3D_thermal2.mtx,1024,1024,-1.0
data/suitesparse_big//Ga10As10H30.mtx,64,64,0.8
data/suitesparse_big//Ga10As10H30.mtx,256,256,-1.0
data/suitesparse_big//Ga10As10H30.mtx,512,512,-1.0
data/suitesparse_big//Ga10As10H30.mtx,1024,1024,-1.0
data/suitesparse_big//Ga19As19H42.mtx,64,64,0.8
data/suitesparse_big//Ga19As19H42.mtx,256,256,-1.0
data/suitesparse_big//Ga19As19H42.mtx,512,512,-1.0
data/suitesparse_big//Ga19As19H42.mtx,1024,1024,-1.0
data/suitesparse_big//Ge87H76.mtx,64,64,0.6
data/suitesparse_big//Ge87H76.mtx,256,256,-1.0
data/suitesparse_big//Ge87H76.mtx,512,512,-1.0
data/suitesparse_big//Ge87H76.mtx,1024,1024,-1.0
data/suitesparse_big//Ge99H100.mtx,64,64,0.6
data/suitesparse_big//Ge99H100.mtx,256,256,-1.0
data/suitesparse_big//Ge99H100.mtx,512,512,-1.0
data/suitesparse_big//Ge99H100.mtx,1024,1024,-1.0
data/suitesparse_big//TEM152078.mtx,64,64,0.2
data/suitesparse_big//TEM152078.mtx,256,256,-1.0
data/suitesparse_big//TEM152078.mtx,512,512,-1.0
data/suitesparse_big//TEM152078.mtx,1024,1024,-1.0
data/suitesparse_big//barrier2-1.mtx,64,64,0.2
data/suitesparse_big//barrier2-1.mtx,256,256,-1.0
data/suitesparse_big//barrier2-1.mtx,512,512,-1.0
data/suitesparse_big//barrier2-1.mtx,1024,1024,-1.0
data/suitesparse_big//barrier2-10.mtx,64,64,0.2
data/suitesparse_big//barrier2-10.mtx,256,256,0.2
data/suitesparse_big//barrier2-10.mtx,512,512,-1.0
data/suitesparse_big//barrier2-10.mtx,1024,1024,-1.0
data/suitesparse_big//barrier2-11.mtx,64,64,0.2
data/suitesparse_big//barrier2-11.mtx,256,256,0.2
data/suitesparse_big//barrier2-11.mtx,512,512,-1.0
data/suitesparse_big//barrier2-11.mtx,1024,1024,-1.0
data/suitesparse_big//barrier2-12.mtx,64,64,0.2
data/suitesparse_big//barrier2-12.mtx,256,256,0.2
data/suitesparse_big//barrier2-12.mtx,512,512,-1.0
data/suitesparse_big//barrier2-12.mtx,1024,1024,-1.0
data/suitesparse_big//barrier2-2.mtx,64,64,0.2
data/suitesparse_big//barrier2-2.mtx,256,256,-1.0
data/suitesparse_big//barrier2-2.mtx,512,512,-1.0
data/suitesparse_big//barrier2-2.mtx,1024,1024,-1.0
data/suitesparse_big//barrier2-3.mtx,64,64,0.2
data/suitesparse_big//barrier2-3.mtx,256,256,-1.0
data/suitesparse_big//barrier2-3.mtx,512,512,-1.0
data/suitesparse_big//barrier2-3.mtx,1024,1024,-1.0
data/suitesparse_big//barrier2-4.mtx,64,64,0.2
data/suitesparse_big//barrier2-4.mtx,256,256,-1.0
data/suitesparse_big//barrier2-4.mtx,512,512,-1.0
data/suitesparse_big//barrier2-4.mtx,1024,1024,-1.0
data/suitesparse_big//barrier2-9.mtx,64,64,0.2
data/suitesparse_big//barrier2-9.mtx,256,256,0.2
data/suitesparse_big//barrier2-9.mtx,512,512,-1.0
data/suitesparse_big//barrier2-9.mtx,1024,1024,-1.0
data/suitesparse_big//bmw7st_1.mtx,64,64,0.2
data/suitesparse_big//bmw7st_1.mtx,256,256,-1.0
data/suitesparse_big//bmw7st_1.mtx,512,512,-1.0
data/suitesparse_big//bmw7st_1.mtx,1024,1024,-1.0
data/suitesparse_big//bmwcra_1.mtx,64,64,0.2
data/suitesparse_big//bmwcra_1.mtx,256,256,-1.0
data/suitesparse_big//bmwcra_1.mtx,512,512,-1.0
data/suitesparse_big//bmwcra_1.mtx,1024,1024,-1.0
data/suitesparse_big//boneS01.mtx,64,64,-1.0
data/suitesparse_big//boneS01.mtx,256,256,-1.0
data/suitesparse_big//boneS01.mtx,512,512,-1.0
data/suitesparse_big//boneS01.mtx,1024,1024,-1.0
data/suitesparse_big//cage12.mtx,64,64,0.8
data/suitesparse_big//cage12.mtx,256,256,0.8
data/suitesparse_big//cage12.mtx,512,512,-1.0
data/suitesparse_big//cage12.mtx,1024,1024,-1.0
data/suitesparse_big//cfd2.mtx,64,64,-1.0
data/suitesparse_big//cfd2.mtx,256,256,0.6
data/suitesparse_big//cfd2.mtx,512,512,-1.0
data/suitesparse_big//cfd2.mtx,1024,1024,0.8
data/suitesparse_big//cop20k_A.mtx,64,64,0.1
data/suitesparse_big//cop20k_A.mtx,256,256,0.1
data/suitesparse_big//cop20k_A.mtx,512,512,0.1
data/suitesparse_big//cop20k_A.mtx,1024,1024,0.2
data/suitesparse_big//engine.mtx,64,64,0.2
data/suitesparse_big//engine.mtx,256,256,-1.0
data/suitesparse_big//engine.mtx,512,512,-1.0
data/suitesparse_big//engine.mtx,1024,1024,-1.0
data/suitesparse_big//filter3D.mtx,64,64,0.2
data/suitesparse_big//filter3D.mtx,256,256,0.6
data/suitesparse_big//filter3D.mtx,512,512,-1.0
data/suitesparse_big//filter3D.mtx,1024,1024,0.8
data/suitesparse_big//gearbox.mtx,64,64,-1.0
data/suitesparse_big//gearbox.mtx,256,256,-1.0
data/suitesparse_big//gearbox.mtx,512,512,0.001
data/suitesparse_big//gearbox.mtx,1024,1024,0.2
data/suitesparse_big//imagesensor.mtx,64,64,-1.0
data/suitesparse_big//imagesensor.mtx,256,256,0.4
data/suitesparse_big//imagesensor.mtx,512,512,0.6
data/suitesparse_big//imagesensor.mtx,1024,1024,0.6
data/suitesparse_big//kron_g500-logn17.mtx,64,64,0.6
data/suitesparse_big//kron_g500-logn17.mtx,256,256,0.01
data/suitesparse_big//kron_g500-logn17.mtx,512,512,0.01
data/suitesparse_big//kron_g500-logn17.mtx,1024,1024,0.001
data/suitesparse_big//para-4.mtx,64,64,0.2
data/suitesparse_big//para-4.mtx,256,256,0.2
data/suitesparse_big//para-4.mtx,512,512,-1.0
data/suitesparse_big//para-4.mtx,1024,1024,-1.0
data/suitesparse_big//pkustk14.mtx,64,64,0.2
data/suitesparse_big//pkustk14.mtx,256,256,-1.0
data/suitesparse_big//pkustk14.mtx,512,512,-1.0
data/suitesparse_big//pkustk14.mtx,1024,1024,-1.0
data/suitesparse_big//ship_003.mtx,64,64,-1.0
data/suitesparse_big//ship_003.mtx,256,256,-1.0
data/suitesparse_big//ship_003.mtx,512,512,-1.0
data/suitesparse_big//ship_003.mtx,1024,1024,-1.0
data/suitesparse_big//shipsec1.mtx,64,64,-1.0
data/suitesparse_big//shipsec1.mtx,256,256,-1.0
data/suitesparse_big//shipsec1.mtx,512,512,-1.0
data/suitesparse_big//shipsec1.mtx,1024,1024,-1.0
data/suitesparse_big//shipsec8.mtx,64,64,-1.0
data/suitesparse_big//shipsec8.mtx,256,256,-1.0
data/suitesparse_big//shipsec8.mtx,512,512,-1.0
data/suitesparse_big//shipsec8.mtx,1024,1024,-1.0
data/suitesparse_big//torso1.mtx,64,64,0.4
data/suitesparse_big//torso1.mtx,256,256,0.2
data/suitesparse_big//torso1.mtx,512,512,0.001
data/suitesparse_big//torso1.mtx,1024,1024,0.001
data/suitesparse_big//x104.mtx,64,64,-1.0
data/suitesparse_big//x104.mtx,256,256,-1.0
data/suitesparse_big//x104.mtx,512,512,-1.0
data/suitesparse_big//x104.mtx,1024,1024,-1.0
